MSOAC,MSOAHOCLN,LAD19C,LAD19N,REG,LSOACOUNT,POPMID15,IMD19 SCORE,MSOARANK,MSOADECILE,MSOAQUINTILE
E02000001,City of London,E09000001,City of London,London,6,6687,14.72048422,4198,7,4
E02000002,Marks Gate,E09000002,Barking and Dagenham,London,4,7379,34.76755983,1060,2,1
E02000003,Chadwell Heath East,E09000002,Barking and Dagenham,London,6,10720,25.14972593,2200,4,2
E02000004,Eastbrookend,E09000002,Barking and Dagenham,London,4,6536,23.56004437,2429,4,2
E02000005,Becontree Heath,E09000002,Barking and Dagenham,London,5,9243,30.21296538,1519,3,2
E02000007,Central Park & Frizlands Lane,E09000002,Barking and Dagenham,London,5,9664,36.00746327,965,2,1
E02000008,Becontree East,E09000002,Barking and Dagenham,London,7,12282,34.449585,1088,2,1
E02000009,Becontree West,E09000002,Barking and Dagenham,London,6,10504,36.33654627,945,2,1
E02000010,Dagenham North,E09000002,Barking and Dagenham,London,5,9091,34.49335915,1083,2,1
E02000011,Dagenham Eastbrook,E09000002,Barking and Dagenham,London,4,6761,25.71396879,2122,4,2
E02000012,Longbridge & Barking Park,E09000002,Barking and Dagenham,London,5,10858,20.63216642,2925,5,3
E02000013,Becontree South,E09000002,Barking and Dagenham,London,5,8771,36.09122609,959,2,1
E02000014,Dagenham Central,E09000002,Barking and Dagenham,London,6,9618,36.55000135,928,2,1
E02000015,Old Dagenham Park & Village,E09000002,Barking and Dagenham,London,4,7784,39.60161035,735,2,1
E02000016,Barking Central,E09000002,Barking and Dagenham,London,4,8885,33.66113101,1151,2,1
E02000017,Barking East,E09000002,Barking and Dagenham,London,5,8903,27.27058677,1901,3,2
E02000018,Mayesbrook Park & Rippleside,E09000002,Barking and Dagenham,London,5,9526,36.41188684,937,2,1
E02000019,Goresbrook & Scrattons Farm,E09000002,Barking and Dagenham,London,5,9074,32.06529403,1337,2,1
E02000020,Creekmouth & Barking Riverside,E09000002,Barking and Dagenham,London,5,11779,33.22273173,1205,2,1
E02000021,Rylands Estate & Dagenham Dock,E09000002,Barking and Dagenham,London,5,8739,31.82347889,1368,3,2
E02000022,Gascoigne Estate & Roding Riverside,E09000002,Barking and Dagenham,London,5,8671,38.64612501,809,2,1
E02000023,Thames View,E09000002,Barking and Dagenham,London,4,7587,39.06830407,779,2,1
E02000024,High Barnet & Hadley,E09000003,Barnet,London,6,10915,9.191532295,5767,9,5
E02000025,Hadley Wood,E09000003,Barnet,London,5,8420,15.93263444,3893,6,3
E02000026,Oak Hill,E09000003,Barnet,London,4,6563,10.84753756,5275,8,4
E02000027,Ducks Island & Underhill,E09000003,Barnet,London,6,10071,22.82809512,2532,4,2
E02000028,New Barnet West,E09000003,Barnet,London,4,6516,12.80765408,4738,7,4
E02000029,New Barnet Town & East Barnet,E09000003,Barnet,London,5,8939,16.01065153,3872,6,3
E02000030,Totteridge & Barnet Gate,E09000003,Barnet,London,6,9325,13.46405834,4534,7,4
E02000031,Oakleigh Park,E09000003,Barnet,London,5,7239,8.982775245,5820,9,5
E02000032,Osidge,E09000003,Barnet,London,5,7711,8.446300999,5957,9,5
E02000033,Brunswick Park Road,E09000003,Barnet,London,5,8931,17.06347979,3623,6,3
E02000034,Whetstone East,E09000003,Barnet,London,5,8894,12.8238987,4730,7,4
E02000035,Woodside Park,E09000003,Barnet,London,5,8573,13.70204503,4480,7,4
E02000036,Edgware East,E09000003,Barnet,London,6,11511,16.32370046,3792,6,3
E02000037,Edgware Park,E09000003,Barnet,London,6,9712,11.12815846,5205,8,4
E02000038,Friern Barnet,E09000003,Barnet,London,6,11379,15.5682248,3974,6,3
E02000039,Mill Hill Park,E09000003,Barnet,London,4,7045,10.70296309,5333,8,4
E02000040,Mill Hill East,E09000003,Barnet,London,4,7404,15.44147771,4002,6,3
E02000041,Edgware Central,E09000003,Barnet,London,5,9507,18.28472052,3384,5,3
E02000042,North Finchley,E09000003,Barnet,London,6,11626,15.16275718,4073,6,3
E02000043,West Finchley,E09000003,Barnet,London,5,7860,7.517256489,6166,10,5
E02000044,Mill Hill Broadway,E09000003,Barnet,London,5,8637,23.62735834,2419,4,2
E02000045,Colney Hatch,E09000003,Barnet,London,6,10924,19.81691523,3064,5,3
E02000046,Church End,E09000003,Barnet,London,4,7342,12.42196595,4843,8,4
E02000047,Burnt Oak & Watling Park,E09000003,Barnet,London,6,12037,26.34332143,2034,3,2
E02000048,Copthall & Downage,E09000003,Barnet,London,5,10223,12.8220808,4731,7,4
E02000049,Grahame Park,E09000003,Barnet,London,5,9061,35.91760943,973,2,1
E02000050,Fallow Corner,E09000003,Barnet,London,6,10740,18.30702076,3377,5,3
E02000051,Finchley Central,E09000003,Barnet,London,5,9120,10.39444759,5419,8,4
E02000052,East Finchley,E09000003,Barnet,London,6,10430,11.88196625,4980,8,4
E02000053,Colindale,E09000003,Barnet,London,5,12808,20.76039421,2902,5,3
E02000054,North Hendon & Sunny Hill,E09000003,Barnet,London,4,7452,16.54641009,3729,6,3
E02000055,Hendon Central,E09000003,Barnet,London,6,11589,15.52579981,3984,6,3
E02000056,Hampstead Garden Suburb,E09000003,Barnet,London,6,9232,8.093323224,6036,9,5
E02000057,Hendon Park,E09000003,Barnet,London,4,7829,14.00602963,4391,7,4
E02000058,Temple Fortune,E09000003,Barnet,London,6,10753,10.38458347,5421,8,4
E02000059,West Hendon,E09000003,Barnet,London,6,11394,22.05096323,2657,4,2
E02000060,Golders Green North,E09000003,Barnet,London,6,11856,15.24550236,4057,6,3
E02000061,Golders Green South,E09000003,Barnet,London,5,8512,13.93901715,4405,7,4
E02000062,Brent Cross & Staples Corner,E09000003,Barnet,London,4,6666,32.41226778,1295,2,1
E02000063,North Cricklewood,E09000003,Barnet,London,4,7441,22.01048085,2667,4,2
E02000064,Childs Hill,E09000003,Barnet,London,4,6591,22.20927902,2630,4,2
E02000065,Crossway Park,E09000004,Bexley,London,4,8576,20.6932437,2914,5,3
E02000066,South Thamesmead,E09000004,Bexley,London,6,10218,28.27548875,1752,3,2
E02000067,Belvedere & Lessness Heath,E09000004,Bexley,London,5,9845,25.82637583,2105,4,2
E02000068,Erith East,E09000004,Bexley,London,4,7885,28.26586392,1754,3,2
E02000069,Erith West,E09000004,Bexley,London,4,6417,19.41122347,3153,5,3
E02000070,Lesnes Abbey,E09000004,Bexley,London,5,7951,13.54951893,4512,7,4
E02000071,Northumberland Heath,E09000004,Bexley,London,5,7598,17.87055462,3468,6,3
E02000072,Slade Green & Crayford Marshes,E09000004,Bexley,London,7,11644,31.57721737,1390,3,2
E02000073,Bostall,E09000004,Bexley,London,7,10973,8.703328625,5887,9,5
E02000074,Lesney Farm & Colyers East,E09000004,Bexley,London,5,8098,29.74117918,1563,3,2
E02000075,Bursted Wood,E09000004,Bexley,London,5,8247,8.897173518,5839,9,5
E02000077,St Michael's,E09000004,Bexley,London,5,8244,12.74568159,4756,8,4
E02000078,Barnehurst North,E09000004,Bexley,London,5,7855,10.3481464,5436,9,5
E02000079,Bexleyheath Broadway,E09000004,Bexley,London,5,8323,13.06773759,4653,7,4
E02000080,Welling,E09000004,Bexley,London,6,9831,11.92746679,4973,8,4
E02000081,Barnehurst South,E09000004,Bexley,London,5,7804,16.31653588,3795,6,3
E02000082,Falconwood,E09000004,Bexley,London,6,9224,8.814773634,5858,9,5
E02000083,Crayford,E09000004,Bexley,London,6,11100,21.44969523,2773,5,3
E02000084,Danson Park,E09000004,Bexley,London,7,11008,9.10505278,5791,9,5
E02000085,Blackfen,E09000004,Bexley,London,5,8100,11.57748309,5066,8,4
E02000086,Lamorbey,E09000004,Bexley,London,5,7411,7.640076643,6135,10,5
E02000087,Bexley Village,E09000004,Bexley,London,5,7959,7.915004398,6087,9,5
E02000088,Albany Park,E09000004,Bexley,London,5,7733,8.580550498,5919,9,5
E02000089,Longlands & Halfway,E09000004,Bexley,London,5,7886,7.935679305,6078,9,5
E02000090,Sidcup East,E09000004,Bexley,London,5,9293,11.41749747,5115,8,4
E02000091,Sidcup West,E09000004,Bexley,London,6,9791,12.67784782,4772,8,4
E02000092,Foots Cray Meadows,E09000004,Bexley,London,4,6706,30.79426126,1462,3,2
E02000093,Queensbury South,E09000005,Brent,London,6,11034,18.51265271,3347,5,3
E02000094,Kingsbury East & Colindale,E09000005,Brent,London,5,8671,19.70144378,3095,5,3
E02000095,Kingsbury West,E09000005,Brent,London,5,10067,18.90111612,3268,5,3
E02000096,Kenton Woodcock Park,E09000005,Brent,London,5,7524,11.05660952,5222,8,4
E02000097,Kingsbury South,E09000005,Brent,London,5,8997,19.28432433,3180,5,3
E02000098,Barnhill The Avenue,E09000005,Brent,London,5,8325,21.86900685,2692,4,2
E02000099,Preston Park & East Lane,E09000005,Brent,London,5,8901,18.82016976,3287,5,3
E02000100,Northwick Park,E09000005,Brent,London,5,8917,12.25044499,4889,8,4
E02000101,Forty Lane,E09000005,Brent,London,5,9610,27.68633351,1842,3,2
E02000102,Welsh Harp,E09000005,Brent,London,4,7843,33.10145888,1218,2,1
E02000103,Dollis Hill,E09000005,Brent,London,5,8891,28.89743516,1670,3,2
E02000104,Wembley North,E09000005,Brent,London,4,7152,23.18116779,2479,4,2
E02000105,Sudbury East,E09000005,Brent,London,5,9809,21.41744928,2778,5,3
E02000106,Neasden,E09000005,Brent,London,6,10838,33.3267876,1191,2,1
E02000107,Cricklewood Anson Road,E09000005,Brent,London,6,11381,25.17942202,2194,4,2
E02000108,Sudbury West,E09000005,Brent,London,4,6604,20.69805981,2913,5,3
E02000109,Tokyngton,E09000005,Brent,London,6,11090,21.54769297,2758,5,3
E02000110,Dudden Hill,E09000005,Brent,London,5,8452,20.87273154,2878,5,3
E02000111,Wembley West,E09000005,Brent,London,5,10724,22.217877,2628,4,2
E02000112,Wembley East,E09000005,Brent,London,5,10080,23.59974256,2422,4,2
E02000113,St Raphaels,E09000005,Brent,London,6,9568,45.0679723,485,1,1
E02000114,Willesden Green,E09000005,Brent,London,5,9249,24.56691772,2285,4,2
E02000115,Brondesbury,E09000005,Brent,London,5,8499,23.96195341,2368,4,2
E02000116,Roundwood Park,E09000005,Brent,London,4,9093,34.40406928,1091,2,1
E02000117,Church End,E09000005,Brent,London,6,12392,40.87962306,674,1,1
E02000118,Alperton East,E09000005,Brent,London,5,10433,23.45169606,2450,4,2
E02000119,Stonebridge,E09000005,Brent,London,4,7954,45.5596134,466,1,1
E02000120,Kilburn West,E09000005,Brent,London,5,9356,25.24858487,2186,4,2
E02000121,Alperton West,E09000005,Brent,London,5,10207,22.23057578,2625,4,2
E02000122,Brondesbury Park,E09000005,Brent,London,5,7981,17.42594763,3556,6,3
E02000123,Harlesden,E09000005,Brent,London,7,15424,36.12435497,956,2,1
E02000124,Queens Park,E09000005,Brent,London,5,10126,21.09339868,2834,5,3
E02000125,Kensal Green,E09000005,Brent,London,6,10800,18.76533574,3302,5,3
E02000126,Kilburn Park,E09000005,Brent,London,4,7451,38.51658784,814,2,1
E02000127,Mottingham,E09000006,Bromley,London,6,9216,31.15492296,1420,3,2
E02000128,Chislehurst North,E09000006,Bromley,London,5,7777,11.75455728,5015,8,4
E02000130,Penge East,E09000006,Bromley,London,5,8502,17.55581757,3525,6,3
E02000131,Crystal Palace Park,E09000006,Bromley,London,5,9991,22.16480763,2639,4,2
E02000132,New Beckenham,E09000006,Bromley,London,5,9627,15.42134725,4008,6,3
E02000133,Chislehurst West & Elmstead,E09000006,Bromley,London,6,10489,6.742223472,6346,10,5
E02000134,Bromley North & Sundridge,E09000006,Bromley,London,7,11476,15.97322665,3884,6,3
E02000135,Anerley North & Penge West,E09000006,Bromley,London,6,10356,33.39903611,1184,2,1
E02000136,Chislehurst East & Hoblingwell Wood,E09000006,Bromley,London,4,5723,20.13959567,3017,5,3
E02000137,Shortlands Bromley Road,E09000006,Bromley,London,5,8370,8.412080287,5966,9,5
E02000138,Beckenham East & Kelsey Park,E09000006,Bromley,London,5,8271,6.405692298,6425,10,5
E02000139,Clock House & Cator Park,E09000006,Bromley,London,5,7571,12.80906155,4736,7,4
E02000140,St Mary Cray North,E09000006,Bromley,London,5,8421,35.65832431,991,2,1
E02000141,Anerley South,E09000006,Bromley,London,5,7397,15.66085102,3954,6,3
E02000142,Widmore,E09000006,Bromley,London,5,8544,8.116031601,6029,9,5
E02000144,Bromley South,E09000006,Bromley,London,5,9333,8.478019715,5949,9,5
E02000145,St Mary Cray East,E09000006,Bromley,London,5,8906,33.56163362,1166,2,1
E02000146,Bickley West,E09000006,Bromley,London,5,9246,9.967636816,5554,9,5
E02000147,Langley Park,E09000006,Bromley,London,5,8177,4.908987893,6648,10,5
E02000148,Bickley East,E09000006,Bromley,London,4,6659,7.357472894,6201,10,5
E02000149,St Mary Cray South,E09000006,Bromley,London,5,8112,23.11200247,2495,4,2
E02000150,Eden Park & Bethlem,E09000006,Bromley,London,5,8700,11.16013322,5194,8,4
E02000151,Petts Wood,E09000006,Bromley,London,5,7672,4.035781283,6727,10,5
E02000152,Bromley Common,E09000006,Bromley,London,4,7557,24.33411089,2322,4,2
E02000153,Hayes North,E09000006,Bromley,London,5,7947,6.094153517,6466,10,5
E02000154,Orpington West,E09000006,Bromley,London,5,8360,11.25137165,5166,8,4
E02000155,Orpington East,E09000006,Bromley,London,5,6915,17.19982082,3598,6,3
E02000156,West Wickham,E09000006,Bromley,London,8,12369,6.711487267,6353,10,5
E02000157,Crofton,E09000006,Bromley,London,5,8092,5.383091201,6590,10,5
E02000158,Goddington,E09000006,Bromley,London,5,7759,18.09470512,3425,6,3
E02000159,Keston,E09000006,Bromley,London,4,6985,7.260148747,6226,10,5
E02000160,Hayes South & Coney Hall,E09000006,Bromley,London,5,8005,7.990305309,6065,9,5
E02000161,Orpington South,E09000006,Bromley,London,5,8692,5.1688685,6616,10,5
E02000162,Farnborough,E09000006,Bromley,London,4,6987,13.50881093,4526,7,4
E02000163,Chelsfield & Green Street Green,E09000006,Bromley,London,5,7793,7.727085718,6123,10,5
E02000165,Biggin Hill West,E09000006,Bromley,London,5,7052,9.006367839,5815,9,5
E02000166,Highgate West,E09000007,Camden,London,5,8662,20.44251639,2962,5,3
E02000167,Hampstead Town,E09000007,Camden,London,5,8728,6.397151925,6427,10,5
E02000168,Tufnell Park West,E09000007,Camden,London,5,9111,16.30106333,3800,6,3
E02000169,Frognal,E09000007,Camden,London,5,8600,5.946124186,6494,10,5
E02000170,Fortune Green,E09000007,Camden,London,5,9192,13.19656625,4611,7,4
E02000171,Mansfield Road & Park Hill Road,E09000007,Camden,London,5,8805,14.3611473,4299,7,4
E02000172,Kentish Town West,E09000007,Camden,London,6,11617,29.422444,1607,3,2
E02000173,Fitzjohns & Royal Free,E09000007,Camden,London,5,8846,8.93829064,5828,9,5
E02000174,Kentish Town East,E09000007,Camden,London,5,9470,21.86666822,2693,4,2
E02000175,West Hampstead,E09000007,Camden,London,5,9955,15.19965364,4065,6,3
E02000176,Belsize Park,E09000007,Camden,London,4,7237,8.016324858,6057,9,5
E02000177,Chalk Farm,E09000007,Camden,London,5,9998,27.6329969,1853,3,2
E02000178,Kilburn Grange,E09000007,Camden,London,5,9814,26.68319258,1979,3,2
E02000179,Adelaide Road,E09000007,Camden,London,4,7155,15.92515038,3894,6,3
E02000180,Camden Road South,E09000007,Camden,London,5,9254,23.51546218,2437,4,2
E02000181,South Hampstead,E09000007,Camden,London,5,8243,12.54920587,4801,8,4
E02000182,Swiss Cottage,E09000007,Camden,London,4,7621,14.24801575,4334,7,4
E02000183,Primrose Hill,E09000007,Camden,London,5,8353,18.61980295,3325,5,3
E02000184,Camden Street & Elm Village,E09000007,Camden,London,5,9542,30.14434647,1526,3,2
E02000185,Kilburn East,E09000007,Camden,London,5,9476,29.76935279,1561,3,2
E02000186,Camden Town & Mornington Crescent,E09000007,Camden,London,4,7430,25.35959704,2170,4,2
E02000187,Somers Town,E09000007,Camden,London,5,9960,34.75225392,1061,2,1
E02000188,Euston,E09000007,Camden,London,5,8398,28.46804811,1728,3,2
E02000189,Gray's Inn Road,E09000007,Camden,London,4,6514,28.46277249,1730,3,2
E02000190,Bloomsbury East,E09000007,Camden,London,5,7429,23.14319774,2488,4,2
E02000191,Fitzrovia East & Bloomsbury West,E09000007,Camden,London,4,8247,14.91027101,4144,7,4
E02000192,Hatton Garden & Theobalds Road,E09000007,Camden,London,4,8055,23.02144755,2500,4,2
E02000193,"Holborn, St Giles & Bloomsbury South",E09000007,Camden,London,4,8125,17.80102228,3482,6,3
E02000194,Crystal Palace Triangle,E09000008,Croydon,London,5,9356,23.44658497,2451,4,2
E02000195,Upper Norwood,E09000008,Croydon,London,5,9595,15.2828198,4048,6,3
E02000196,Norbury East,E09000008,Croydon,London,4,7688,24.41655983,2310,4,2
E02000197,Norbury West,E09000008,Croydon,London,5,9646,20.89548891,2872,5,3
E02000198,Thornton Heath North West,E09000008,Croydon,London,5,8696,31.28349655,1411,3,2
E02000199,Thornton Heath North East,E09000008,Croydon,London,5,8549,21.93459212,2677,4,2
E02000200,South Norwood Hill,E09000008,Croydon,London,5,8917,26.74603757,1968,3,2
E02000201,South Norwood Central,E09000008,Croydon,London,5,9053,32.37566232,1297,2,1
E02000202,Thornton Heath West,E09000008,Croydon,London,6,8553,21.21043669,2812,5,3
E02000203,Thornton Heath Central,E09000008,Croydon,London,5,8016,31.87630714,1362,3,2
E02000204,West Thornton North,E09000008,Croydon,London,6,9683,23.33938686,2468,4,2
E02000206,Selhurst North,E09000008,Croydon,London,6,10030,32.66016979,1264,2,1
E02000207,Woodside & Ashburton,E09000008,Croydon,London,5,9224,28.94088042,1663,3,2
E02000208,University Hospital & Queen's Road,E09000008,Croydon,London,5,10647,37.00035306,894,2,1
E02000209,West Thornton South & Ampere Way,E09000008,Croydon,London,5,8745,25.65466895,2132,4,2
E02000210,Addiscombe North,E09000008,Croydon,London,5,8516,18.30019387,3380,5,3
E02000211,Monks Orchard,E09000008,Croydon,London,5,8145,10.66911725,5347,8,4
E02000212,Broad Green & Waddon Marsh,E09000008,Croydon,London,5,9062,29.82695001,1551,3,2
E02000213,Selhurst South & West Croydon,E09000008,Croydon,London,5,10424,38.7639081,798,2,1
E02000214,Addiscombe East,E09000008,Croydon,London,4,6383,10.98085728,5236,8,4
E02000215,Addiscombe West,E09000008,Croydon,London,6,10757,23.59401906,2424,4,2
E02000216,Park Hill & Lloyd Park,E09000008,Croydon,London,4,6928,13.45591498,4539,7,4
E02000217,Croydon Minster & Waddon North,E09000008,Croydon,London,5,11415,29.34459842,1616,3,2
E02000218,Shirley East,E09000008,Croydon,London,4,6787,22.90699234,2524,4,2
E02000219,Shirley West,E09000008,Croydon,London,5,7586,9.198186791,5766,9,5
E02000220,Central Croydon,E09000008,Croydon,London,5,10889,27.66453898,1846,3,2
E02000221,Waddon South,E09000008,Croydon,London,5,10681,27.74406647,1834,3,2
E02000222,Croham,E09000008,Croydon,London,5,8180,15.01140562,4116,7,4
E02000223,New Addington North,E09000008,Croydon,London,5,8495,38.80256021,794,2,1
E02000224,Purley North,E09000008,Croydon,London,5,8027,15.19842793,4066,6,3
E02000225,New Addington Central,E09000008,Croydon,London,5,7632,32.09196043,1336,2,1
E02000226,Selsdon,E09000008,Croydon,London,5,7664,9.353797625,5728,9,5
E02000227,Forestdale,E09000008,Croydon,London,8,11641,17.855986,3471,6,3
E02000228,Sanderstead,E09000008,Croydon,London,5,7904,5.678492029,6548,10,5
E02000229,New Addington South,E09000008,Croydon,London,4,6643,38.61102333,811,2,1
E02000230,Purley Central,E09000008,Croydon,London,6,10575,15.02004397,4114,7,4
E02000231,Woodcote,E09000008,Croydon,London,5,7666,8.918442212,5832,9,5
E02000232,Selsdon Park & Hamsey Green,E09000008,Croydon,London,4,6344,12.26569704,4883,8,4
E02000233,Kenley North,E09000008,Croydon,London,4,6350,13.95069323,4400,7,4
E02000234,Coulsdon,E09000008,Croydon,London,5,8547,17.07102597,3620,6,3
E02000235,Kenley South,E09000008,Croydon,London,4,7129,11.41971413,5114,8,4
E02000236,Woodmansterne,E09000008,Croydon,London,5,7841,9.523745568,5684,9,5
E02000237,Old Coulsdon,E09000008,Croydon,London,5,7698,12.53205586,4806,8,4
E02000238,Whitton Avenue West,E09000009,Ealing,London,5,9712,18.73264405,3309,5,3
E02000239,Horsenden,E09000009,Ealing,London,5,9065,12.76848891,4750,7,4
E02000240,Northolt West,E09000009,Ealing,London,6,10216,29.90837128,1544,3,2
E02000241,Northolt East,E09000009,Ealing,London,4,6756,20.34137715,2984,5,3
E02000242,Bilton Road,E09000009,Ealing,London,4,7031,15.13099232,4081,7,4
E02000243,Greenford North,E09000009,Ealing,London,5,8679,24.03260779,2359,4,2
E02000244,Perivale,E09000009,Ealing,London,4,7447,17.11302283,3615,6,3
E02000245,Northolt South,E09000009,Ealing,London,5,8678,37.99387463,848,2,1
E02000246,Kingshill Avenue,E09000009,Ealing,London,5,8832,30.37271332,1507,3,2
E02000247,Greenford West,E09000009,Ealing,London,6,10438,27.71270397,1839,3,2
E02000248,Hanger Hill East,E09000009,Ealing,London,4,7582,18.935244,3257,5,3
E02000249,Greenford South,E09000009,Ealing,London,4,7785,24.63060822,2269,4,2
E02000250,Pitshanger,E09000009,Ealing,London,4,6368,8.078410804,6039,9,5
E02000251,Greenford Ravenor Park,E09000009,Ealing,London,5,7746,17.29875316,3585,6,3
E02000252,North Acton,E09000009,Ealing,London,5,10887,28.18532883,1765,3,2
E02000253,Cuckoo Park,E09000009,Ealing,London,6,9369,33.80143238,1132,2,1
E02000254,Southall North,E09000009,Ealing,London,5,8674,22.69048282,2559,4,2
E02000255,Drayton Green & Cleveland,E09000009,Ealing,London,6,9253,21.19055712,2816,5,3
E02000256,Ealing Broadway West,E09000009,Ealing,London,5,8853,14.11220242,4363,7,4
E02000257,Ealing Broadway East,E09000009,Ealing,London,8,13905,16.08274297,3851,6,3
E02000258,Acton Noel Road & Lunton Road,E09000009,Ealing,London,4,7057,18.52435341,3343,5,3
E02000259,Brent Valley,E09000009,Ealing,London,4,6187,14.81280588,4171,7,4
E02000260,Southall Park,E09000009,Ealing,London,5,9370,26.54392113,2001,3,2
E02000261,East Acton,E09000009,Ealing,London,6,11699,23.57625088,2427,4,2
E02000262,Acton Central,E09000009,Ealing,London,5,9243,26.46656226,2017,3,2
E02000263,Southall West,E09000009,Ealing,London,6,12191,29.49147248,1599,3,2
E02000264,Ealing Common & Twyford Ave,E09000009,Ealing,London,5,8301,18.10300265,3424,6,3
E02000265,West Ealing,E09000009,Ealing,London,6,10762,27.6407376,1851,3,2
E02000266,Norwood Green North & Windmill Park,E09000009,Ealing,London,7,11623,36.88706066,905,2,1
E02000267,Hanwell,E09000009,Ealing,London,4,7297,19.0284262,3242,5,3
E02000268,St Mary's,E09000009,Ealing,London,6,8980,20.64204978,2922,5,3
E02000269,Northfields,E09000009,Ealing,London,5,8081,10.62361007,5368,8,4
E02000270,South Acton,E09000009,Ealing,London,5,7911,35.99719163,966,2,1
E02000271,Bedford Park,E09000009,Ealing,London,4,6860,9.829194169,5587,9,5
E02000272,Elthorne Park,E09000009,Ealing,London,4,6516,10.15408211,5502,9,5
E02000274,Southall Green,E09000009,Ealing,London,7,14063,28.31282465,1743,3,2
E02000275,Norwood Green South,E09000009,Ealing,London,4,7544,28.17782755,1766,3,2
E02000276,South Ealing,E09000009,Ealing,London,4,6562,13.74185614,4470,7,4
E02000277,Bullsmoor & Freezywater,E09000010,Enfield,London,4,7411,26.28489745,2044,4,2
E02000278,Turkey Street,E09000010,Enfield,London,5,9439,38.42983081,825,2,1
E02000279,Enfield Lock,E09000010,Enfield,London,6,12478,32.44872303,1292,2,1
E02000280,Chase & Crews Hill,E09000010,Enfield,London,5,8611,21.46844838,2769,5,3
E02000281,Carterhatch & Forty Hall,E09000010,Enfield,London,5,8978,27.97208744,1799,3,2
E02000282,Enfield Wash,E09000010,Enfield,London,5,9562,40.06445953,705,2,1
E02000283,Brimsdown Avenue,E09000010,Enfield,London,5,8603,31.00121353,1440,3,2
E02000284,Chase Side,E09000010,Enfield,London,5,8507,17.07098378,3621,6,3
E02000285,Enfield Town North,E09000010,Enfield,London,4,6559,11.39191203,5129,8,4
E02000286,Chase Farm & The Ridgeway,E09000010,Enfield,London,5,8529,16.91281827,3653,6,3
E02000287,Cockfosters & Hadley Wood,E09000010,Enfield,London,4,6860,13.16040437,4626,7,4
E02000288,Southbury East,E09000010,Enfield,London,6,10771,33.57948538,1162,2,1
E02000289,World's End,E09000010,Enfield,London,4,6597,10.25233727,5470,9,5
E02000290,Brimsdown & Ponders End,E09000010,Enfield,London,4,7103,38.83932071,792,2,1
E02000291,Enfield Town South & Bush Hill Park,E09000010,Enfield,London,5,9784,22.76904303,2542,4,2
E02000292,Southbury West,E09000010,Enfield,London,6,9852,21.6303512,2746,5,3
E02000293,Grange Park,E09000010,Enfield,London,4,6542,10.69965041,5335,8,4
E02000294,Ponders End South,E09000010,Enfield,London,5,9342,29.83809002,1550,3,2
E02000295,Oakwood Park & Highlands,E09000010,Enfield,London,5,8948,14.26416227,4328,7,4
E02000296,Southgate,E09000010,Enfield,London,5,10037,18.73659699,3307,5,3
E02000297,Bury Street West & Village Road,E09000010,Enfield,London,6,9682,11.15384797,5199,8,4
E02000298,Winchmore Hill,E09000010,Enfield,London,5,8190,8.6342442,5903,9,5
E02000299,Lower Edmonton North,E09000010,Enfield,London,5,9787,34.10902892,1113,2,1
E02000300,Haslebury North,E09000010,Enfield,London,5,8833,31.69063489,1378,3,2
E02000301,Lower Edmonton South,E09000010,Enfield,London,6,10923,39.40452037,753,2,1
E02000302,Palmers Green East,E09000010,Enfield,London,5,8747,19.46155733,3143,5,3
E02000303,Haslebury South,E09000010,Enfield,London,5,9113,39.4957091,747,2,1
E02000304,Southgate Green,E09000010,Enfield,London,5,8058,9.395457434,5716,9,5
E02000305,Palmers Green West,E09000010,Enfield,London,5,9166,15.37260484,4025,6,3
E02000306,Edmonton Green,E09000010,Enfield,London,5,9674,43.56118441,535,1,1
E02000307,Tatem Park,E09000010,Enfield,London,6,10056,25.02769212,2222,4,2
E02000308,New Southgate & Arnos Grove,E09000010,Enfield,London,5,8201,21.17568638,2820,5,3
E02000309,Upper Edmonton East & Meridian Water,E09000010,Enfield,London,6,11664,38.22551166,841,2,1
E02000311,Bowes,E09000010,Enfield,London,6,10667,26.65358461,1987,3,2
E02000312,Broomfield Park,E09000010,Enfield,London,6,11432,19.41314521,3152,5,3
E02000313,Thamesmead Birchmere Park,E09000011,Greenwich,London,4,7342,29.03408485,1650,3,2
E02000314,West Thamesmead,E09000011,Greenwich,London,7,15395,23.20132939,2478,4,2
E02000315,Abbey Wood North,E09000011,Greenwich,London,5,9607,36.29012033,949,2,1
E02000316,"Woolwich Dockyard, Arsenal & Charlton Riverside",E09000011,Greenwich,London,8,12869,23.83605983,2390,4,2
E02000317,Woolwich West,E09000011,Greenwich,London,5,8685,32.47226068,1291,2,1
E02000318,Plumstead High Street,E09000011,Greenwich,London,5,10662,26.53644485,2003,3,2
E02000319,Plumstead Common & Riverside,E09000011,Greenwich,London,6,12100,24.1716814,2344,4,2
E02000320,Abbey Wood South,E09000011,Greenwich,London,4,7328,22.93000341,2518,4,2
E02000321,Woolwich Glyndon,E09000011,Greenwich,London,4,7742,32.89893154,1241,2,1
E02000323,Woolwich South,E09000011,Greenwich,London,6,11026,32.19790005,1320,2,1
E02000324,Charlton Village,E09000011,Greenwich,London,4,7864,29.34032248,1619,3,2
E02000326,Charlton Slopes,E09000011,Greenwich,London,4,7327,20.64877153,2921,5,3
E02000327,Woolwich Common,E09000011,Greenwich,London,4,6945,30.4102766,1504,3,2
E02000328,Westcombe Park & Maze Hill,E09000011,Greenwich,London,4,6756,16.88360272,3654,6,3
E02000329,Plumstead South,E09000011,Greenwich,London,4,6351,19.49079704,3136,5,3
E02000331,Hornfair Park,E09000011,Greenwich,London,4,7823,29.18395079,1634,3,2
E02000332,Shooters Hill,E09000011,Greenwich,London,5,7655,15.90175885,3897,6,3
E02000333,Blackheath Standard & Village,E09000011,Greenwich,London,4,6404,13.90021315,4421,7,4
E02000334,Kidbrooke North,E09000011,Greenwich,London,4,6451,25.99331111,2086,4,2
E02000335,Eltham North,E09000011,Greenwich,London,4,6768,11.43167036,5109,8,4
E02000337,Eltham West,E09000011,Greenwich,London,5,8207,30.83114061,1457,3,2
E02000339,Eltham Park,E09000011,Greenwich,London,4,6281,17.05462331,3625,6,3
E02000340,Eltham South,E09000011,Greenwich,London,4,6304,14.54222192,4254,7,4
E02000341,Middlepark & Horn Park,E09000011,Greenwich,London,5,8164,38.41635975,827,2,1
E02000342,Avery Hill,E09000011,Greenwich,London,3,6542,21.59682054,2752,5,3
E02000343,Mottingham East,E09000011,Greenwich,London,4,6910,25.21947873,2189,4,2
E02000344,New Eltham,E09000011,Greenwich,London,4,6614,12.95285546,4681,7,4
E02000345,Stamford Hill North,E09000012,Hackney,London,5,9579,28.99561343,1657,3,2
E02000346,Woodberry Down & Manor House,E09000012,Hackney,London,4,6708,47.16933468,400,1,1
E02000347,Stamford Hill West,E09000012,Hackney,London,5,8654,28.99922128,1656,3,2
E02000348,Stamford Hill South,E09000012,Hackney,London,5,8705,33.21411143,1206,2,1
E02000350,Stoke Newington East & Cazenove,E09000012,Hackney,London,5,10092,24.30656054,2326,4,2
E02000351,Brownswood,E09000012,Hackney,London,6,9225,27.08776195,1925,3,2
E02000352,Clissold North,E09000012,Hackney,London,4,7336,26.09956461,2074,4,2
E02000353,Stoke Newington North,E09000012,Hackney,London,5,8232,23.55505114,2430,4,2
E02000354,Hackney Downs,E09000012,Hackney,London,6,10503,34.86709131,1050,2,1
E02000355,Lower Clapton,E09000012,Hackney,London,5,9160,28.73551386,1696,3,2
E02000356,Clissold South,E09000012,Hackney,London,4,7382,23.85055364,2387,4,2
E02000357,Hackney Marshes,E09000012,Hackney,London,4,6739,43.06423223,553,1,1
E02000358,Stoke Newington South,E09000012,Hackney,London,6,11698,32.00512558,1343,2,1
E02000359,Homerton North,E09000012,Hackney,London,4,6758,30.71862104,1467,3,2
E02000360,Amhurst Road & Pembury Estate,E09000012,Hackney,London,6,11694,36.47772832,934,2,1
E02000361,Hackney Central,E09000012,Hackney,London,4,8470,33.01989433,1230,2,1
E02000362,Hackney Wick,E09000012,Hackney,London,4,7115,42.29267224,596,1,1
E02000363,Homerton South,E09000012,Hackney,London,6,11650,42.04983382,613,1,1
E02000364,Dalston East,E09000012,Hackney,London,5,9924,27.9722636,1798,3,2
E02000365,Dalston Kingsland & De Beauvoir,E09000012,Hackney,London,8,14695,29.74856652,1562,3,2
E02000366,South Hackney,E09000012,Hackney,London,5,9175,34.18647837,1106,2,1
E02000367,London Fields & Mare Street,E09000012,Hackney,London,6,10970,31.86222479,1363,3,2
E02000368,Haggerston East,E09000012,Hackney,London,6,10206,37.53115089,871,2,1
E02000369,Haggerston West & Kingsland Basin,E09000012,Hackney,London,6,13345,34.9383378,1042,2,1
E02000370,Hoxton & Wenlock,E09000012,Hackney,London,4,8888,32.31958978,1307,2,1
E02000371,Shoreditch,E09000012,Hackney,London,7,14198,29.41761959,1608,3,2
E02000372,Old Oak & Wormwood,E09000013,Hammersmith and Fulham,London,5,9566,32.10404746,1332,2,1
E02000373,White City,E09000013,Hammersmith and Fulham,London,4,6639,39.21332851,768,2,1
E02000374,Wormholt Road,E09000013,Hammersmith and Fulham,London,4,6672,27.84842761,1818,3,2
E02000375,Shepherd's Bush North,E09000013,Hammersmith and Fulham,London,4,6909,31.14866001,1423,3,2
E02000376,Shepherd's Bush West,E09000013,Hammersmith and Fulham,London,4,6874,30.26116424,1514,3,2
E02000377,Askew,E09000013,Hammersmith and Fulham,London,5,8067,28.28695612,1746,3,2
E02000378,Shepherd's Bush South,E09000013,Hammersmith and Fulham,London,4,6472,23.67004651,2413,4,2
E02000379,Ravenscourt Park North,E09000013,Hammersmith and Fulham,London,4,7673,19.27169334,3182,5,3
E02000380,Brackenbury,E09000013,Hammersmith and Fulham,London,4,5814,17.50136722,3537,6,3
E02000381,Brook Green,E09000013,Hammersmith and Fulham,London,5,7735,20.11097789,3021,5,3
E02000382,Ravenscourt Park South,E09000013,Hammersmith and Fulham,London,4,5783,21.62350389,2748,5,3
E02000383,West Kensington,E09000013,Hammersmith and Fulham,London,6,9211,17.56270872,3523,6,3
E02000384,Hammersmith Broadway,E09000013,Hammersmith and Fulham,London,5,7081,32.95610309,1236,2,1
E02000385,Barons Court,E09000013,Hammersmith and Fulham,London,4,6010,17.25084343,3591,6,3
E02000386,North End,E09000013,Hammersmith and Fulham,London,5,8087,30.90468431,1450,3,2
E02000387,Lillie Road & Greyhound Road,E09000013,Hammersmith and Fulham,London,4,6088,22.14087993,2642,4,2
E02000388,Fulham Broadway,E09000013,Hammersmith and Fulham,London,5,8258,19.70441608,3094,5,3
E02000389,Fulham Reach,E09000013,Hammersmith and Fulham,London,5,8233,11.32799016,5146,8,4
E02000390,Fulham Aintree,E09000013,Hammersmith and Fulham,London,4,6355,18.4755166,3355,5,3
E02000391,Parsons Green East & Eel Brook Common,E09000013,Hammersmith and Fulham,London,5,7934,17.44029519,3552,6,3
E02000392,Parsons Green West,E09000013,Hammersmith and Fulham,London,6,9327,17.88842457,3463,6,3
E02000393,Munster,E09000013,Hammersmith and Fulham,London,4,5916,9.297754902,5740,9,5
E02000394,Sands End & Chelsea Harbour,E09000013,Hammersmith and Fulham,London,5,8629,19.70461154,3093,5,3
E02000395,Fulham Palace & Hurlingham Park,E09000013,Hammersmith and Fulham,London,4,6024,10.78886753,5299,8,4
E02000396,South Park,E09000013,Hammersmith and Fulham,London,4,6826,18.11127879,3420,6,3
E02000397,Bowes Park,E09000014,Haringey,London,4,8305,26.15482083,2062,4,2
E02000398,Northumberland Park,E09000014,Haringey,London,4,7629,49.73926439,301,1,1
E02000400,Bounds Green,E09000014,Haringey,London,4,8236,21.73250911,2720,5,3
E02000401,Roundway,E09000014,Haringey,London,4,6978,43.11291889,552,1,1
E02000402,Tottenham Bruce Castle Park,E09000014,Haringey,London,4,6716,41.39051429,647,1,1
E02000403,Wood Green North,E09000014,Haringey,London,4,7796,25.14677258,2203,4,2
E02000404,Scotch Estate,E09000014,Haringey,London,4,7970,31.82471405,1367,3,2
E02000405,Alexandra Park,E09000014,Haringey,London,4,6648,11.86962545,4985,8,4
E02000406,Noel Park,E09000014,Haringey,London,4,7410,33.5264641,1167,2,1
E02000407,Bruce Grove North,E09000014,Haringey,London,4,7768,40.34503502,697,2,1
E02000408,Tottenham North West,E09000014,Haringey,London,4,8443,37.74927443,857,2,1
E02000409,Lordship Lane & Broadwater Farm,E09000014,Haringey,London,4,6360,39.80983962,718,2,1
E02000410,Muswell Hill North,E09000014,Haringey,London,4,6572,11.07204717,5218,8,4
E02000411,Tottenham Lea Valley,E09000014,Haringey,London,4,9714,32.82515802,1248,2,1
E02000412,Wood Green South,E09000014,Haringey,London,4,7619,34.36582609,1094,2,1
E02000413,Fortis Green & Coldfall,E09000014,Haringey,London,4,7544,15.14302187,4077,7,4
E02000414,Bruce Grove South,E09000014,Haringey,London,4,7416,29.47818581,1600,3,2
E02000415,Downhills Park,E09000014,Haringey,London,4,7170,27.36343738,1893,3,2
E02000416,Hornsey East,E09000014,Haringey,London,5,7786,28.274187,1753,3,2
E02000417,Muswell Hill South,E09000014,Haringey,London,4,6473,13.70292198,4479,7,4
E02000418,Hornsey West,E09000014,Haringey,London,4,5771,11.93660821,4969,8,4
E02000419,Harringay Ladder North,E09000014,Haringey,London,4,8876,25.24468995,2187,4,2
E02000420,Tottenham Green West,E09000014,Haringey,London,4,7967,36.06057901,961,2,1
E02000421,Tottenham Green East,E09000014,Haringey,London,4,7557,41.38769234,648,1,1
E02000422,West Green & St Ann's,E09000014,Haringey,London,4,8461,29.5572872,1592,3,2
E02000423,Harringay East,E09000014,Haringey,London,4,7336,23.01422983,2501,4,2
E02000424,Hornsey Vale,E09000014,Haringey,London,4,7377,19.60835285,3113,5,3
E02000425,South Tottenham,E09000014,Haringey,London,4,7775,27.75180733,1832,3,2
E02000426,Highgate Wood,E09000014,Haringey,London,4,6329,15.29275209,4046,6,3
E02000427,Harringay Ladder South,E09000014,Haringey,London,4,7047,25.72474003,2119,4,2
E02000428,Harringay Warehouse District & Vartry,E09000014,Haringey,London,4,7904,31.03907578,1435,3,2
E02000429,Crouch End West,E09000014,Haringey,London,4,7061,13.4351885,4545,7,4
E02000430,Crouch End East,E09000014,Haringey,London,4,7515,15.08218204,4094,7,4
E02000431,Highgate East,E09000014,Haringey,London,4,6224,13.94456138,4402,7,4
E02000432,Stroud Green,E09000014,Haringey,London,4,6473,23.3377159,2469,4,2
E02000433,Stanmore Park,E09000015,Harrow,London,4,7983,12.48209295,4819,8,4
E02000434,Canons Park,E09000015,Harrow,London,5,9243,14.77928508,4181,7,4
E02000435,Stanmore Uxbridge Road,E09000015,Harrow,London,4,8002,20.20159535,3011,5,3
E02000436,Hatch End North,E09000015,Harrow,London,4,5724,7.798958945,6108,9,5
E02000437,Harrow Weald,E09000015,Harrow,London,5,8760,16.72362466,3689,6,3
E02000438,Hatch End South,E09000015,Harrow,London,5,8052,17.7924728,3483,6,3
E02000439,Edgware West,E09000015,Harrow,London,5,8678,18.49153883,3351,5,3
E02000440,Belmont,E09000015,Harrow,London,5,9617,10.34400541,5439,9,5
E02000441,Pinner Green,E09000015,Harrow,London,4,6962,16.71795203,3690,6,3
E02000442,Queensbury East,E09000015,Harrow,London,5,9181,14.42063599,4283,7,4
E02000443,Wealdstone North,E09000015,Harrow,London,5,9624,22.04779187,2659,4,2
E02000444,Queensbury West,E09000015,Harrow,London,5,8802,11.77786923,5005,8,4
E02000445,Wealdstone South,E09000015,Harrow,London,5,10900,21.70237862,2731,5,3
E02000447,Headstone Lane,E09000015,Harrow,London,4,6947,12.47077544,4826,8,4
E02000448,Pinner Central,E09000015,Harrow,London,4,6942,6.75395376,6341,10,5
E02000449,Kenton East,E09000015,Harrow,London,5,8368,18.32467674,3375,5,3
E02000451,North Harrow,E09000015,Harrow,London,4,6742,7.442853753,6179,10,5
E02000452,Greenhill North,E09000015,Harrow,London,4,8474,17.7143932,3496,6,3
E02000453,Pinner Road,E09000015,Harrow,London,4,8109,12.56025108,4797,8,4
E02000454,Pinner South,E09000015,Harrow,London,4,7037,5.780740514,6524,10,5
E02000455,Greenhill South,E09000015,Harrow,London,4,8605,17.89532377,3458,6,3
E02000456,West Harrow,E09000015,Harrow,London,4,7257,14.76181632,4184,7,4
E02000457,Rayners Lane North,E09000015,Harrow,London,4,6457,11.88986449,4978,8,4
E02000459,South Harrow,E09000015,Harrow,London,4,8768,20.52602133,2945,5,3
E02000460,Newton Farm,E09000015,Harrow,London,4,6685,22.8510537,2530,4,2
E02000461,Harrow-on-the-Hill,E09000015,Harrow,London,4,7261,9.606814902,5662,9,5
E02000462,Alexandra Park,E09000015,Harrow,London,4,6829,16.83032523,3666,6,3
E02000463,Earlsmead,E09000015,Harrow,London,5,8361,19.37885875,3161,5,3
E02000464,Dagnam Park & Noak Hill,E09000016,Havering,London,4,7113,28.93272726,1665,3,2
E02000465,Petersfield Avenue & Duck Wood,E09000016,Havering,London,5,8635,28.40643023,1733,3,2
E02000466,Havering-atte-Bower & Chase Cross,E09000016,Havering,London,5,8568,23.8243401,2393,4,2
E02000467,Harold Hill East,E09000016,Havering,London,6,10433,39.5210024,743,2,1
E02000468,Collier Row & Park Farm,E09000016,Havering,London,5,8105,19.32032091,3174,5,3
E02000469,Harold Hill West,E09000016,Havering,London,4,6973,27.90097605,1812,3,2
E02000470,Harold Park & Harold Wood,E09000016,Havering,London,5,8519,12.54507888,4805,8,4
E02000471,Rise Park,E09000016,Havering,London,5,7517,9.877744047,5577,9,5
E02000472,Romford North,E09000016,Havering,London,6,9146,12.86092904,4717,7,4
E02000473,Ardleigh Green,E09000016,Havering,London,6,10178,10.98426842,5235,8,4
E02000474,Romford North West,E09000016,Havering,London,5,8883,19.71408499,3089,5,3
E02000475,Gidea Park,E09000016,Havering,London,6,9730,11.10619764,5211,8,4
E02000476,Central Romford,E09000016,Havering,London,5,9390,24.44453632,2304,4,2
E02000477,Romford East,E09000016,Havering,London,6,9467,7.530689976,6163,10,5
E02000478,Emerson Park,E09000016,Havering,London,4,5943,8.183281171,6015,9,5
E02000479,Romford South,E09000016,Havering,London,5,8943,17.73121671,3495,6,3
E02000480,Rush Green,E09000016,Havering,London,6,11339,20.27139518,2999,5,3
E02000481,Cranham East,E09000016,Havering,London,5,7984,10.0844147,5521,9,5
E02000482,Upminster North & Cranham West,E09000016,Havering,London,4,6487,4.255190535,6712,10,5
E02000483,Hornchurch,E09000016,Havering,London,5,7875,14.03330857,4386,7,4
E02000484,Hylands,E09000016,Havering,London,5,8433,11.67679557,5042,8,4
E02000485,Upminster Bridge,E09000016,Havering,London,5,8307,10.01195161,5540,9,5
E02000486,Elm Park East,E09000016,Havering,London,5,7544,9.982827413,5551,9,5
E02000487,Upminster South & Corbets Tey,E09000016,Havering,London,5,7760,5.735804124,6537,10,5
E02000488,Hacton,E09000016,Havering,London,5,7404,7.570462318,6154,10,5
E02000489,Elm Park West,E09000016,Havering,London,5,8390,16.10463743,3847,6,3
E02000490,South Hornchurch,E09000016,Havering,London,5,8021,16.42692669,3765,6,3
E02000491,Hornchurch Marshes,E09000016,Havering,London,5,9296,27.16120471,1915,3,2
E02000492,Rainham East & Wennington,E09000016,Havering,London,4,6480,14.37871019,4292,7,4
E02000493,Rainham West,E09000016,Havering,London,4,6512,22.68113882,2561,4,2
E02000494,Ducks Hill,E09000017,Hillingdon,London,5,7361,10.10661119,5518,9,5
E02000495,Northwood,E09000017,Hillingdon,London,6,10217,11.82918988,4998,8,4
E02000496,Harefield,E09000017,Hillingdon,London,5,7513,19.60660974,3114,5,3
E02000497,Northwood Hills,E09000017,Hillingdon,London,5,9251,14.29750384,4316,7,4
E02000498,West Ruislip North,E09000017,Hillingdon,London,4,6054,11.36495012,5139,8,4
E02000499,Eastcote,E09000017,Hillingdon,London,5,7752,7.166763416,6249,10,5
E02000500,Ruislip,E09000017,Hillingdon,London,5,8205,7.238890311,6231,10,5
E02000501,Ruislip Manor,E09000017,Hillingdon,London,5,8451,8.764077151,5867,9,5
E02000502,West Ruislip South,E09000017,Hillingdon,London,5,8253,8.720309584,5881,9,5
E02000503,Ruislip Gardens,E09000017,Hillingdon,London,5,9159,8.01256469,6060,9,5
E02000504,Ickenham,E09000017,Hillingdon,London,5,7464,6.065078778,6470,10,5
E02000506,Uxbridge Common & Swakeleys,E09000017,Hillingdon,London,5,7916,8.406718039,5968,9,5
E02000507,Hillingdon North East,E09000017,Hillingdon,London,5,8129,11.40305413,5124,8,4
E02000508,Uxbridge Central & Brunel,E09000017,Hillingdon,London,4,11287,14.74213281,4191,7,4
E02000509,Uxbridge West,E09000017,Hillingdon,London,4,12057,15.67059119,3953,6,3
E02000510,Hillingdon South,E09000017,Hillingdon,London,5,8795,15.97284548,3885,6,3
E02000511,Charville,E09000017,Hillingdon,London,6,9906,15.61196689,3962,6,3
E02000512,Hillingdon Heath,E09000017,Hillingdon,London,5,8450,25.67857811,2125,4,2
E02000513,Yeading North,E09000017,Hillingdon,London,5,9992,29.06961499,1647,3,2
E02000514,Yeading West,E09000017,Hillingdon,London,6,10215,21.02076838,2849,5,3
E02000515,Yiewsley West,E09000017,Hillingdon,London,6,11385,25.96812754,2091,4,2
E02000516,Yeading Brookside,E09000017,Hillingdon,London,5,9023,22.52729635,2587,4,2
E02000517,Hayes End,E09000017,Hillingdon,London,5,9762,26.90824216,1944,3,2
E02000518,Yiewsley East,E09000017,Hillingdon,London,5,8841,27.76235177,1831,3,2
E02000519,Hayes Town North,E09000017,Hillingdon,London,5,9128,30.21653002,1518,3,2
E02000520,Hayes Town & Lake Farm,E09000017,Hillingdon,London,6,13016,26.35636716,2032,3,2
E02000521,West Drayton East,E09000017,Hillingdon,London,5,11978,28.08770321,1779,3,2
E02000522,West Drayton West,E09000017,Hillingdon,London,5,9238,24.4800814,2298,4,2
E02000523,Hayes South,E09000017,Hillingdon,London,5,11079,20.60353534,2932,5,3
E02000524,"Heathrow, Hardmonsworth & Sipson",E09000017,Hillingdon,London,4,7522,23.92614079,2371,4,2
E02000525,Harlington & Cranford Cross,E09000017,Hillingdon,London,5,9800,23.33353612,2471,4,2
E02000526,Chiswick North East,E09000018,Hounslow,London,5,8427,10.52858075,5388,8,4
E02000528,Brentford East,E09000018,Hounslow,London,6,11544,31.21370738,1414,3,2
E02000529,Heston North,E09000018,Hounslow,London,5,8593,22.90753357,2523,4,2
E02000530,North Hyde & North Cranford,E09000018,Hounslow,London,4,7147,33.26754316,1203,2,1
E02000531,Brentford Central,E09000018,Hounslow,London,5,10248,22.93878103,2514,4,2
E02000532,Chiswick South East,E09000018,Hounslow,London,6,9108,14.99807795,4119,7,4
E02000533,Chiswick South West,E09000018,Hounslow,London,5,8396,15.51448368,3988,6,3
E02000534,Brentford West & Osterley Park,E09000018,Hounslow,London,4,8176,13.7221524,4474,7,4
E02000535,Heston West,E09000018,Hounslow,London,5,9375,19.51728331,3130,5,3
E02000536,Heston Central & Lampton West,E09000018,Hounslow,London,5,9541,20.89095451,2874,5,3
E02000537,Osterley & Lampton East,E09000018,Hounslow,London,5,9260,16.15282646,3832,6,3
E02000538,Cranford,E09000018,Hounslow,London,5,9547,22.20265696,2631,4,2
E02000539,Syon Green,E09000018,Hounslow,London,5,10962,20.98894034,2856,5,3
E02000540,Spring Grove,E09000018,Hounslow,London,5,10308,20.83967637,2885,5,3
E02000541,Hounslow Meadows,E09000018,Hounslow,London,5,9397,24.00356795,2366,4,2
E02000542,Hounslow West,E09000018,Hounslow,London,5,11287,24.03569806,2358,4,2
E02000543,Hounslow High Street,E09000018,Hounslow,London,6,13191,21.48257706,2768,5,3
E02000544,Hounslow East,E09000018,Hounslow,London,5,8365,14.27977621,4324,7,4
E02000545,Isleworth & Ivybridge,E09000018,Hounslow,London,5,8578,25.57655794,2144,4,2
E02000546,Hounslow Heath,E09000018,Hounslow,London,5,9797,21.02405941,2848,5,3
E02000547,North Feltham & Hatton,E09000018,Hounslow,London,5,9922,20.50548811,2952,5,3
E02000548,Bedfont,E09000018,Hounslow,London,5,9654,27.05131407,1931,3,2
E02000549,Feltham East,E09000018,Hounslow,London,6,11394,22.36303133,2607,4,2
E02000550,Feltham Central,E09000018,Hounslow,London,6,10761,26.45205353,2020,3,2
E02000551,Hanworth North,E09000018,Hounslow,London,5,8956,31.84457972,1365,3,2
E02000552,Lower Feltham,E09000018,Hounslow,London,5,8880,17.76589065,3489,6,3
E02000553,Hanworth South,E09000018,Hounslow,London,4,6852,21.70560829,2730,5,3
E02000554,Highcroft & Holly Park,E09000019,Islington,London,6,9874,36.66239346,918,2,1
E02000555,Archway East,E09000019,Islington,London,6,9722,26.46300453,2018,3,2
E02000556,Tollington,E09000019,Islington,London,6,10615,28.72032586,1698,3,2
E02000557,Archway West,E09000019,Islington,London,5,8495,32.96260871,1235,2,1
E02000558,Finsbury Park West,E09000019,Islington,London,5,9869,41.07389715,662,1,1
E02000559,Gillespie Road,E09000019,Islington,London,6,9778,19.86610309,3059,5,3
E02000560,Holloway Nag's Head,E09000019,Islington,London,4,8128,26.43068984,2021,3,2
E02000561,Tufnell Park East,E09000019,Islington,London,4,8260,17.51918632,3534,6,3
E02000562,Highbury,E09000019,Islington,London,5,8909,23.77685094,2402,4,2
E02000563,Hilldrop,E09000019,Islington,London,5,8967,35.92107037,971,2,1
E02000564,Lower Holloway,E09000019,Islington,London,7,11981,28.14323871,1769,3,2
E02000565,Newington Green,E09000019,Islington,London,5,8808,30.05893744,1531,3,2
E02000566,Highbury Fields,E09000019,Islington,London,5,9135,19.40020033,3157,5,3
E02000567,Canonbury East & Mildmay Park,E09000019,Islington,London,6,11564,27.7761618,1829,3,2
E02000568,Caledonian Road,E09000019,Islington,London,5,11863,31.37831341,1403,3,2
E02000569,Islington North & Canonbury West,E09000019,Islington,London,6,10896,29.22653882,1628,3,2
E02000570,Barnsbury East,E09000019,Islington,London,5,9613,16.2343384,3813,6,3
E02000571,Islington East & Arlington,E09000019,Islington,London,5,8926,31.61491777,1384,3,2
E02000572,Barnsbury West,E09000019,Islington,London,5,8963,35.59977106,998,2,1
E02000573,Angel,E09000019,Islington,London,5,9475,21.75092433,2711,4,2
E02000574,King's Cross & Pentonville,E09000019,Islington,London,5,9038,25.39780704,2169,4,2
E02000575,Clerkenwell,E09000019,Islington,London,7,13452,21.6467025,2743,5,3
E02000576,Old Street & St Luke's,E09000019,Islington,London,5,11176,26.24840668,2052,4,2
E02000577,Golborne & Swinbrook,E09000020,Kensington and Chelsea,London,5,6938,48.5609448,352,1,1
E02000578,Ladbroke Grove,E09000020,Kensington and Chelsea,London,4,5887,42.82580601,570,1,1
E02000579,North Kensington,E09000020,Kensington and Chelsea,London,5,8417,30.37523892,1506,3,2
E02000580,Portobello,E09000020,Kensington and Chelsea,London,5,8149,35.25206234,1021,2,1
E02000581,Notting Dale,E09000020,Kensington and Chelsea,London,5,7041,41.39443758,646,1,1
E02000582,Notting Hill Gate,E09000020,Kensington and Chelsea,London,5,7166,16.72524058,3688,6,3
E02000583,Notting Hill West,E09000020,Kensington and Chelsea,London,5,6962,16.84167165,3659,6,3
E02000584,Notting Hill South,E09000020,Kensington and Chelsea,London,5,7895,11.60091058,5061,8,4
E02000585,Holland Park,E09000020,Kensington and Chelsea,London,5,8113,16.70170442,3697,6,3
E02000586,Queen's Gate,E09000020,Kensington and Chelsea,London,5,7515,9.498918297,5692,9,5
E02000587,Kensington Abingdon,E09000020,Kensington and Chelsea,London,5,7404,11.36996299,5137,8,4
E02000588,Hans Town,E09000020,Kensington and Chelsea,London,5,8100,11.11695469,5208,8,4
E02000589,Kensington Gardens,E09000020,Kensington and Chelsea,London,5,8632,16.74312407,3682,6,3
E02000590,Brompton,E09000020,Kensington and Chelsea,London,5,7346,20.74208059,2904,5,3
E02000591,Earl's Court,E09000020,Kensington and Chelsea,London,4,6741,28.76678579,1690,3,2
E02000592,South Kensington,E09000020,Kensington and Chelsea,London,5,7043,11.40649681,5121,8,4
E02000593,West Brompton,E09000020,Kensington and Chelsea,London,5,8074,19.46751883,3140,5,3
E02000594,Chelsea Manor & Royal Hospital,E09000020,Kensington and Chelsea,London,5,7870,12.73174549,4759,8,4
E02000595,Chelsea Riverside East,E09000020,Kensington and Chelsea,London,5,7670,14.96315698,4129,7,4
E02000596,Fulham Road,E09000020,Kensington and Chelsea,London,5,8347,12.34182748,4870,8,4
E02000597,Chelsea Riverside West,E09000020,Kensington and Chelsea,London,5,7279,32.16868196,1324,2,1
E02000598,Tudor Drive,E09000021,Kingston upon Thames,London,5,8092,6.144264335,6460,10,5
E02000599,Kingston Vale & Coombe Hill,E09000021,Kingston upon Thames,London,5,7982,7.575964671,6151,10,5
E02000600,Kingston Hill,E09000021,Kingston upon Thames,London,5,9078,8.830271205,5854,9,5
E02000601,Kingston North,E09000021,Kingston upon Thames,London,6,12320,9.207309253,5763,9,5
E02000602,Kingston East & Norbiton West,E09000021,Kingston upon Thames,London,5,10519,19.05174009,3236,5,3
E02000603,Norbiton East,E09000021,Kingston upon Thames,London,5,8383,17.88980914,3462,6,3
E02000604,New Malden East,E09000021,Kingston upon Thames,London,5,8975,10.64922986,5358,8,4
E02000605,New Malden West,E09000021,Kingston upon Thames,London,5,8173,11.17658767,5187,8,4
E02000606,Kingston Riverside,E09000021,Kingston upon Thames,London,5,10364,10.24635652,5475,9,5
E02000607,Berrylands North,E09000021,Kingston upon Thames,London,4,7744,7.982177686,6066,9,5
E02000608,Surbiton North,E09000021,Kingston upon Thames,London,4,8481,11.44378552,5103,8,4
E02000609,Malden Manor,E09000021,Kingston upon Thames,London,5,7697,13.53369676,4517,7,4
E02000610,Surbiton South,E09000021,Kingston upon Thames,London,5,8098,14.55825624,4248,7,4
E02000611,Berrylands South,E09000021,Kingston upon Thames,London,5,7544,5.687776246,6546,10,5
E02000612,Motspur Park,E09000021,Kingston upon Thames,London,5,8147,9.021012397,5813,9,5
E02000613,Southborough,E09000021,Kingston upon Thames,London,5,8306,11.42226535,5110,8,4
E02000614,Tolworth,E09000021,Kingston upon Thames,London,5,8860,14.95228646,4133,7,4
E02000615,Hook,E09000021,Kingston upon Thames,London,5,7842,10.27703877,5461,9,5
E02000616,Chessington North,E09000021,Kingston upon Thames,London,4,6148,9.510588321,5687,9,5
E02000617,Chessington South & Malden Rushett,E09000021,Kingston upon Thames,London,5,8856,16.04645766,3859,6,3
E02000619,Lambeth Walk & North Kennington,E09000022,Lambeth,London,5,8708,27.95872657,1801,3,2
E02000620,Kennington West & Vauxhall North,E09000022,Lambeth,London,5,10116,25.99694504,2084,4,2
E02000621,Vauxhall South,E09000022,Lambeth,London,6,10949,25.98523783,2088,4,2
E02000622,Oval,E09000022,Lambeth,London,5,8980,23.47788107,2444,4,2
E02000623,Stockwell North,E09000022,Lambeth,London,5,8196,28.88501672,1671,3,2
E02000624,Stockwell East,E09000022,Lambeth,London,5,8385,29.00141729,1655,3,2
E02000625,Stockwell West,E09000022,Lambeth,London,5,8416,31.11013462,1428,3,2
E02000626,Loughborough Road,E09000022,Lambeth,London,5,8551,35.38426617,1015,2,1
E02000627,Stockwell South,E09000022,Lambeth,London,5,9842,29.5691329,1590,3,2
E02000628,Brixton North,E09000022,Lambeth,London,6,9607,38.76461112,797,2,1
E02000629,Clapham North,E09000022,Lambeth,London,5,9125,22.65602082,2565,4,2
E02000630,Clapham Old Town,E09000022,Lambeth,London,5,7889,20.47234998,2957,5,3
E02000631,Herne Hill East,E09000022,Lambeth,London,5,9587,19.12386263,3220,5,3
E02000632,Acre Lane,E09000022,Lambeth,London,5,8941,23.35723689,2466,4,2
E02000633,Brixton Central,E09000022,Lambeth,London,5,9084,32.63786933,1267,2,1
E02000634,Clapham Common North,E09000022,Lambeth,London,4,6674,30.16654975,1522,3,2
E02000635,Poets' Corner & Brockwell Park,E09000022,Lambeth,London,5,9318,26.39590974,2029,3,2
E02000636,Clapham South,E09000022,Lambeth,London,5,7949,15.97902881,3881,6,3
E02000637,Brixton Hill East,E09000022,Lambeth,London,5,9113,22.23605673,2623,4,2
E02000638,Brixton Hilll West,E09000022,Lambeth,London,5,10843,25.1652432,2196,4,2
E02000639,Clapham Park East & Streatham Hill North,E09000022,Lambeth,London,5,8304,28.6021468,1711,3,2
E02000640,Clapham Park West,E09000022,Lambeth,London,6,9682,16.02385891,3867,6,3
E02000641,Tulse Hill,E09000022,Lambeth,London,5,8978,32.5953004,1273,2,1
E02000642,West Dulwich,E09000022,Lambeth,London,5,9839,24.80936701,2247,4,2
E02000643,Streatham Hill,E09000022,Lambeth,London,5,9277,22.51157217,2590,4,2
E02000644,Leigham Vale & Royal Circus,E09000022,Lambeth,London,5,9023,20.97485869,2861,5,3
E02000645,West Norwood East,E09000022,Lambeth,London,5,9598,22.59827693,2575,4,2
E02000646,Streatham Central,E09000022,Lambeth,London,5,10152,19.73400502,3082,5,3
E02000647,West Norwood West & Streatham East,E09000022,Lambeth,London,5,9144,19.74020986,3081,5,3
E02000648,West Norwood South,E09000022,Lambeth,London,5,8292,34.77551363,1058,2,1
E02000649,Streatham Green,E09000022,Lambeth,London,6,13326,24.58144605,2281,4,2
E02000650,Gipsy Hill,E09000022,Lambeth,London,5,7632,31.01599934,1437,3,2
E02000651,Streatham Common,E09000022,Lambeth,London,5,9277,21.3245947,2792,5,3
E02000652,Streatham Vale,E09000022,Lambeth,London,5,8018,20.35834697,2977,5,3
E02000653,Silwood & Pepys,E09000023,Lewisham,London,5,9882,27.21123345,1909,3,2
E02000654,Deptford North,E09000023,Lewisham,London,5,8647,34.46425997,1085,2,1
E02000655,New Cross Gate,E09000023,Lewisham,London,5,8863,32.33255805,1304,2,1
E02000657,New Cross South,E09000023,Lewisham,London,5,9898,26.14080835,2067,4,2
E02000658,Telegraph Hill,E09000023,Lewisham,London,5,8759,24.88318941,2238,4,2
E02000659,Blackheath West,E09000023,Lewisham,London,5,7958,22.07216939,2652,4,2
E02000660,Brockley East & St Johns,E09000023,Lewisham,London,5,8492,24.62350412,2271,4,2
E02000661,Blackheath Village,E09000023,Lewisham,London,4,6763,16.33983824,3787,6,3
E02000662,Brockley West,E09000023,Lewisham,London,5,8824,23.98974263,2367,4,2
E02000663,Loampit & Hilly Fields,E09000023,Lewisham,London,4,7466,20.51843986,2948,5,3
E02000664,Lewisham Central & Park,E09000023,Lewisham,London,6,11750,34.52040026,1080,2,1
E02000665,Manor House,E09000023,Lewisham,London,4,8737,20.6207031,2927,5,3
E02000666,Ladywell,E09000023,Lewisham,London,4,7309,21.69424696,2732,5,3
E02000667,Crofton Park,E09000023,Lewisham,London,4,6895,15.33854532,4033,6,3
E02000668,Lee,E09000023,Lewisham,London,4,7361,17.37796142,3567,6,3
E02000669,Hither Green,E09000023,Lewisham,London,5,7985,24.5318938,2290,4,2
E02000670,Catford East & Mountsfield Park,E09000023,Lewisham,London,4,6619,34.12369769,1109,2,1
E02000671,Honor Oak,E09000023,Lewisham,London,5,8734,20.80914529,2891,5,3
E02000672,Catford Bridge,E09000023,Lewisham,London,5,8871,33.70041021,1146,2,1
E02000673,Forest Hill West,E09000023,Lewisham,London,5,8364,15.8290654,3922,6,3
E02000674,Corbett Estate,E09000023,Lewisham,London,5,8428,21.288556,2797,5,3
E02000675,Grove Park & Lee South,E09000023,Lewisham,London,5,8714,19.71985426,3085,5,3
E02000676,Forest Hill East,E09000023,Lewisham,London,5,8153,20.79734012,2894,5,3
E02000677,Culverley Green,E09000023,Lewisham,London,4,7391,22.7432338,2547,4,2
E02000678,Further Green,E09000023,Lewisham,London,4,6667,31.29934558,1410,3,2
E02000679,Perry Vale,E09000023,Lewisham,London,5,8230,26.11032892,2072,4,2
E02000680,Upper Sydenham,E09000023,Lewisham,London,4,7614,26.32857105,2038,4,2
E02000681,Bellingham & Perry Hill,E09000023,Lewisham,London,5,8589,34.67987833,1068,2,1
E02000682,Forster Park & Southend,E09000023,Lewisham,London,5,8926,31.32062324,1407,3,2
E02000683,Chinbrook,E09000023,Lewisham,London,4,6332,32.89828743,1242,2,1
E02000685,Sydenham Wells,E09000023,Lewisham,London,5,8414,27.24234835,1906,3,2
E02000686,Beckenham Hill,E09000023,Lewisham,London,4,7373,39.94807595,711,2,1
E02000687,Lower Sydenham,E09000023,Lewisham,London,5,8444,25.49714093,2154,4,2
E02000689,Wimbledon Park & Durnsford Road,E09000024,Merton,London,5,8175,9.18724208,5769,9,5
E02000690,Wimbledon Common,E09000024,Merton,London,4,5492,6.785943008,6334,10,5
E02000691,Wimbledon Broadway North,E09000024,Merton,London,5,7486,9.183412503,5772,9,5
E02000692,Wimbledon Hill,E09000024,Merton,London,5,7637,5.56483868,6562,10,5
E02000693,Colliers Wood,E09000024,Merton,London,5,9365,12.83311361,4726,7,4
E02000694,South Wimbledon,E09000024,Merton,London,5,9080,10.67231487,5342,8,4
E02000695,Graveney,E09000024,Merton,London,5,8484,14.05193352,4380,7,4
E02000696,Lavender Park,E09000024,Merton,London,5,8313,18.15923096,3406,6,3
E02000697,Wimbledon Broadway South,E09000024,Merton,London,5,8444,6.867456892,6318,10,5
E02000698,Cottenham Park,E09000024,Merton,London,5,7888,5.883827333,6506,10,5
E02000699,Wimbledon Chase,E09000024,Merton,London,5,7937,6.30793587,6436,10,5
E02000700,Merton Church Road & Phipps Bridge,E09000024,Merton,London,5,8579,23.03602494,2498,4,2
E02000701,Mitcham East,E09000024,Merton,London,5,8577,21.03585496,2845,5,3
E02000702,Lonesome,E09000024,Merton,London,5,8681,24.3327172,2324,4,2
E02000703,Merton Park,E09000024,Merton,London,5,7856,7.517969577,6165,10,5
E02000704,Raynes Park,E09000024,Merton,London,5,8113,13.75204277,4467,7,4
E02000705,Rowan Road,E09000024,Merton,London,5,8752,15.40453576,4017,6,3
E02000706,Mitcham West,E09000024,Merton,London,5,9454,27.77998413,1826,3,2
E02000707,Pollards Hill,E09000024,Merton,London,5,7635,26.48113163,2014,3,2
E02000708,West Barnes,E09000024,Merton,London,5,8547,8.284308997,5993,9,5
E02000709,Cannon Hill,E09000024,Merton,London,5,7759,7.481353009,6172,10,5
E02000710,Mitcham South,E09000024,Merton,London,5,8702,22.27125362,2615,4,2
E02000711,Morden Central,E09000024,Merton,London,5,8724,22.92540486,2520,4,2
E02000712,St Helier North,E09000024,Merton,London,5,8794,22.80065715,2538,4,2
E02000713,Lower Morden,E09000024,Merton,London,5,7491,9.228112402,5760,9,5
E02000714,Forest Gate North,E09000025,Newham,London,4,8302,27.65861142,1850,3,2
E02000715,Little Ilford West,E09000025,Newham,London,4,7746,31.15550542,1419,3,2
E02000716,Manor Park North,E09000025,Newham,London,4,7769,30.45154743,1499,3,2
E02000717,Manor Park South,E09000025,Newham,London,4,8663,29.73585432,1565,3,2
E02000718,Little Ilford East,E09000025,Newham,London,4,7453,34.01824165,1119,2,1
E02000719,Forest Gate West,E09000025,Newham,London,4,8382,27.79439585,1825,3,2
E02000720,Forest Gate East,E09000025,Newham,London,4,7747,25.12422434,2208,4,2
E02000721,Forest Gate South,E09000025,Newham,London,5,9824,33.37428217,1185,2,1
E02000722,Stratford East,E09000025,Newham,London,4,8358,27.69799892,1841,3,2
E02000723,East Ham North,E09000025,Newham,London,5,10965,25.03543238,2220,4,2
E02000724,Plashet East,E09000025,Newham,London,5,10021,27.70225367,1840,3,2
E02000725,Stratford Central,E09000025,Newham,London,4,9352,30.49649914,1496,3,2
E02000726,Olympic Park & Mill Meads,E09000025,Newham,London,5,18263,27.45916569,1877,3,2
E02000727,Plashet West,E09000025,Newham,London,4,8478,27.19760085,1913,3,2
E02000728,Wallend North,E09000025,Newham,London,5,8268,25.8413141,2102,4,2
E02000729,West Ham Park,E09000025,Newham,London,4,7251,26.25998717,2051,4,2
E02000730,Upton Park,E09000025,Newham,London,4,9180,27.07300501,1927,3,2
E02000731,East Ham Central,E09000025,Newham,London,5,10769,29.36412137,1614,3,2
E02000732,East Ham West,E09000025,Newham,London,4,8014,33.48235875,1171,2,1
E02000733,West Ham & Stratford Park,E09000025,Newham,London,5,10263,29.70705885,1571,3,2
E02000734,Plaistow North,E09000025,Newham,London,4,7838,29.24225695,1623,3,2
E02000735,Plaistow North East,E09000025,Newham,London,4,8188,30.68628029,1472,3,2
E02000736,Wallend South,E09000025,Newham,London,5,9074,32.12584119,1330,2,1
E02000737,East Ham South,E09000025,Newham,London,5,10217,28.03085651,1789,3,2
E02000738,East Ham South West,E09000025,Newham,London,4,9236,22.98036542,2508,4,2
E02000739,Plaistow Park,E09000025,Newham,London,4,7595,28.75636445,1692,3,2
E02000740,Canning Town North,E09000025,Newham,London,4,7046,32.49887482,1286,2,1
E02000741,Plaistow South,E09000025,Newham,London,4,8868,28.58458875,1714,3,2
E02000742,Lonsdale Avenue,E09000025,Newham,London,4,8655,31.15196407,1421,3,2
E02000743,Canning Town Central,E09000025,Newham,London,4,9244,38.294951,831,2,1
E02000744,Canning Town East,E09000025,Newham,London,4,8955,35.41070296,1011,2,1
E02000745,Beckton North,E09000025,Newham,London,5,8511,30.54680931,1486,3,2
E02000746,Beckton,E09000025,Newham,London,4,7990,32.28701402,1313,2,1
E02000747,Canning Town South & Bow Creek,E09000025,Newham,London,7,11766,32.73259179,1258,2,1
E02000748,Beckton Park,E09000025,Newham,London,4,6481,26.13575204,2069,4,2
E02000749,Custom House,E09000025,Newham,London,5,8850,40.51207333,688,2,1
E02000750,Royal Docks & North Woolwich,E09000025,Newham,London,6,12672,22.49670557,2592,4,2
E02000751,Woodford Wells,E09000026,Redbridge,London,7,10540,7.202862998,6238,10,5
E02000752,Hainault East,E09000026,Redbridge,London,4,7362,28.57728498,1715,3,2
E02000753,Hainault West,E09000026,Redbridge,London,4,6599,23.51056933,2440,4,2
E02000754,Woodford Green,E09000026,Redbridge,London,4,6769,14.50568651,4265,7,4
E02000755,Woodford Bridge,E09000026,Redbridge,London,3,5640,16.18405319,3823,6,3
E02000756,Fairlop,E09000026,Redbridge,London,7,13423,16.16076466,3828,6,3
E02000757,South Woodford High Road,E09000026,Redbridge,London,7,12580,9.42959849,5705,9,5
E02000758,Clayhall North,E09000026,Redbridge,London,4,6086,16.23159514,3814,6,3
E02000759,Roding,E09000026,Redbridge,London,7,13158,15.52582551,3983,6,3
E02000760,Barkingside North,E09000026,Redbridge,London,4,7132,19.82641321,3063,5,3
E02000762,Barkingside West,E09000026,Redbridge,London,4,6609,10.21119958,5487,9,5
E02000763,Aldborough Hatch,E09000026,Redbridge,London,4,7292,17.38797244,3565,6,3
E02000764,Snaresbrook,E09000026,Redbridge,London,7,12546,11.06974374,5220,8,4
E02000765,Barkingside East,E09000026,Redbridge,London,4,6595,12.9965768,4670,7,4
E02000767,Newbury Park,E09000026,Redbridge,London,4,8063,15.67071239,3952,6,3
E02000768,Wanstead,E09000026,Redbridge,London,4,5837,9.023436526,5812,9,5
E02000769,Chadwell Heath West,E09000026,Redbridge,London,8,15941,16.92342864,3649,6,3
E02000770,Seven Kings Park,E09000026,Redbridge,London,4,7961,15.91164339,3896,6,3
E02000772,Goodmayes North,E09000026,Redbridge,London,4,8774,18.02358639,3436,6,3
E02000773,Ley Street,E09000026,Redbridge,London,4,9956,16.50937646,3741,6,3
E02000774,Seven Kings Meads Lane,E09000026,Redbridge,London,4,7532,22.11288409,2646,4,2
E02000776,Ilford North East,E09000026,Redbridge,London,4,6815,17.05742362,3624,6,3
E02000777,Wanstead Flats,E09000026,Redbridge,London,4,6076,17.29895244,3584,6,3
E02000779,Ilford North West,E09000026,Redbridge,London,4,8421,26.40787151,2026,3,2
E02000780,Ilford South East,E09000026,Redbridge,London,8,16198,23.34816138,2467,4,2
E02000781,South Park,E09000026,Redbridge,London,7,14813,16.98221562,3642,6,3
E02000782,Ilford South West,E09000026,Redbridge,London,5,10006,28.46485559,1729,3,2
E02000783,Loxford Park,E09000026,Redbridge,London,4,7465,27.66082451,1848,3,2
E02000784,North Barnes,E09000027,Richmond upon Thames,London,7,10131,9.805824894,5592,9,5
E02000785,Kew Gardens,E09000027,Richmond upon Thames,London,6,9659,6.926790247,6302,10,5
E02000786,Mortlake & South Barnes,E09000027,Richmond upon Thames,London,7,11405,9.700054976,5631,9,5
E02000787,North Sheen,E09000027,Richmond upon Thames,London,7,11496,13.6120628,4498,7,4
E02000788,East Sheen North,E09000027,Richmond upon Thames,London,5,8908,6.50108498,6403,10,5
E02000789,Queen's Road,E09000027,Richmond upon Thames,London,4,6266,9.629095117,5652,9,5
E02000790,St Margarets,E09000027,Richmond upon Thames,London,4,6538,5.384548027,6588,10,5
E02000791,Richmond Central,E09000027,Richmond upon Thames,London,4,6508,5.957178857,6492,10,5
E02000792,Twickenham Marble Hill,E09000027,Richmond upon Thames,London,4,7121,5.734242241,6538,10,5
E02000793,Whitton,E09000027,Richmond upon Thames,London,5,8343,11.20644157,5179,8,4
E02000794,Twickenham North,E09000027,Richmond upon Thames,London,4,6830,7.141383602,6259,10,5
E02000795,"Richmond Park, Sheen Gate & Petersham",E09000027,Richmond upon Thames,London,4,6914,8.906516199,5837,9,5
E02000796,Heathfield,E09000027,Richmond upon Thames,London,6,10624,16.4039166,3772,6,3
E02000797,Twickenham Town,E09000027,Richmond upon Thames,London,4,7544,6.688603791,6360,10,5
E02000798,Twickenham West,E09000027,Richmond upon Thames,London,7,11086,10.26773426,5467,9,5
E02000799,Strawberry Hill,E09000027,Richmond upon Thames,London,4,6598,5.548346014,6566,10,5
E02000800,Ham,E09000027,Richmond upon Thames,London,3,5422,15.60235891,3964,6,3
E02000801,Teddington North,E09000027,Richmond upon Thames,London,4,7139,5.662386749,6549,10,5
E02000802,Hampton Hill,E09000027,Richmond upon Thames,London,4,7024,7.598219675,6144,10,5
E02000803,Nursery Lands & Hampton North,E09000027,Richmond upon Thames,London,6,9602,17.43955728,3553,6,3
E02000804,Teddington Central,E09000027,Richmond upon Thames,London,4,7311,6.896205581,6309,10,5
E02000805,Hampton Wick & Teddington East,E09000027,Richmond upon Thames,London,6,11391,8.833813537,5852,9,5
E02000806,Hampton Village,E09000027,Richmond upon Thames,London,6,10264,8.497609412,5944,9,5
E02000807,Rotherhithe,E09000028,Southwark,London,5,9097,13.79343861,4448,7,4
E02000808,Borough & Southwark Street,E09000028,Southwark,London,5,10353,19.593476,3115,5,3
E02000809,Bermondsey North,E09000028,Southwark,London,8,13228,15.79987096,3930,6,3
E02000810,Bermondsey East,E09000028,Southwark,London,5,12472,26.14106591,2066,4,2
E02000812,London Bridge & Bermondsey West,E09000028,Southwark,London,6,10634,27.73977854,1835,3,2
E02000813,Canada Water,E09000028,Southwark,London,5,10267,27.19934772,1911,3,2
E02000814,Surrey Quays,E09000028,Southwark,London,5,9089,20.19726152,3012,5,3
E02000815,Elephant & Castle,E09000028,Southwark,London,4,7087,26.75764315,1966,3,2
E02000816,South Bermondsey Central,E09000028,Southwark,London,5,10059,28.85131912,1676,3,2
E02000817,South Bermondsey East,E09000028,Southwark,London,4,7195,34.55739055,1078,2,1
E02000818,Walworth North,E09000028,Southwark,London,4,7683,34.45533229,1086,2,1
E02000819,South Bermondsey West,E09000028,Southwark,London,5,8788,31.00217934,1438,3,2
E02000820,Kennington East,E09000028,Southwark,London,6,9929,27.40824323,1886,3,2
E02000821,Burgess Park,E09000028,Southwark,London,5,8128,39.2690625,762,2,1
E02000822,Walworth South,E09000028,Southwark,London,5,7295,33.17434969,1208,2,1
E02000823,Burgess Park West & John Ruskin Street,E09000028,Southwark,London,5,8663,28.6145445,1708,3,2
E02000824,Peckham Park Road,E09000028,Southwark,London,5,10091,31.90757239,1357,2,1
E02000825,Peckham North West,E09000028,Southwark,London,5,9583,33.3012231,1197,2,1
E02000826,Camberwell North,E09000028,Southwark,London,5,9091,29.95523408,1540,3,2
E02000827,Camberwell Green,E09000028,Southwark,London,6,10969,31.28189963,1412,3,2
E02000828,Peckham North,E09000028,Southwark,London,4,8560,35.42614428,1009,2,1
E02000829,Queens Road Peckham,E09000028,Southwark,London,5,11452,34.77146236,1059,2,1
E02000830,Camberwell South,E09000028,Southwark,London,5,9278,20.01590472,3038,5,3
E02000831,Peckham Rye,E09000028,Southwark,London,5,9907,24.73823731,2257,4,2
E02000832,Nunhead North,E09000028,Southwark,London,5,10703,30.13412445,1528,3,2
E02000833,North Dulwich,E09000028,Southwark,London,5,8550,19.44935497,3147,5,3
E02000834,Peckham Rye Common,E09000028,Southwark,London,5,9616,18.20127548,3396,6,3
E02000835,Nunhead South & Newlands,E09000028,Southwark,London,4,7816,20.37527636,2974,5,3
E02000836,East Dulwich,E09000028,Southwark,London,5,8414,14.23300416,4337,7,4
E02000837,Herne Hill & Dulwich Park,E09000028,Southwark,London,5,9448,9.928760902,5565,9,5
E02000838,Dulwich Hill,E09000028,Southwark,London,5,9290,17.23100538,3596,6,3
E02000839,Sydenham Hill,E09000028,Southwark,London,5,8177,20.29518723,2993,5,3
E02000840,Middleton Circle,E09000029,Sutton,London,5,8527,31.98473906,1345,2,1
E02000841,St Helier South,E09000029,Sutton,London,5,9141,28.1525425,1768,3,2
E02000842,Stonecot,E09000029,Sutton,London,5,7791,9.867797972,5580,9,5
E02000843,Hackbridge,E09000029,Sutton,London,5,7856,15.41885438,4010,6,3
E02000844,The Wrythe,E09000029,Sutton,London,5,8130,20.51463272,2950,5,3
E02000845,Worcester Park East,E09000029,Sutton,London,5,9664,9.770362893,5603,9,5
E02000846,Sutton North,E09000029,Sutton,London,4,7225,10.87425287,5269,8,4
E02000847,North Cheam West,E09000029,Sutton,London,6,9238,6.876810782,6314,10,5
E02000848,North Cheam East,E09000029,Sutton,London,5,8044,7.747291522,6118,10,5
E02000849,Wallington North,E09000029,Sutton,London,5,7882,12.79201332,4742,7,4
E02000850,Beddington,E09000029,Sutton,London,7,10672,12.18067204,4908,8,4
E02000851,Sutton Central,E09000029,Sutton,London,5,9126,21.22601052,2810,5,3
E02000852,Sutton East,E09000029,Sutton,London,5,7768,9.235949022,5759,9,5
E02000853,Sutton West,E09000029,Sutton,London,5,7922,13.56951111,4505,7,4
E02000854,Carshalton Village,E09000029,Sutton,London,5,7355,9.897086064,5570,9,5
E02000855,Cheam High Street,E09000029,Sutton,London,5,8029,6.350149707,6432,10,5
E02000856,Wallington South,E09000029,Sutton,London,5,8919,11.83447898,4995,8,4
E02000857,Sutton South West,E09000029,Sutton,London,5,8623,10.29694944,5451,9,5
E02000858,Roundshaw,E09000029,Sutton,London,5,8262,32.31579896,1309,2,1
E02000859,Carshalton on the Hill,E09000029,Sutton,London,5,8536,11.74606209,5021,8,4
E02000860,Sutton South & Shanklin,E09000029,Sutton,London,5,8236,19.69012822,3098,5,3
E02000861,Carshalton Beeches & Banstead Road,E09000029,Sutton,London,5,7703,5.020283266,6633,10,5
E02000863,"Orchard Hill, Woodcote Green & Clockhouse",E09000029,Sutton,London,4,6786,10.86407545,5271,8,4
E02000864,Bow North & Fish Island,E09000030,Tower Hamlets,London,4,9717,33.5666926,1163,2,1
E02000865,Bethnal Green North East,E09000030,Tower Hamlets,London,4,7875,33.66083822,1152,2,1
E02000866,Bow West,E09000030,Tower Hamlets,London,5,10414,25.29098272,2179,4,2
E02000867,Bow South,E09000030,Tower Hamlets,London,6,11859,25.02429421,2223,4,2
E02000868,Bethnal Green North West,E09000030,Tower Hamlets,London,4,7015,28.85113913,1677,3,2
E02000869,Columbia Road,E09000030,Tower Hamlets,London,4,6165,33.03527818,1226,2,1
E02000870,Bethnal Green East,E09000030,Tower Hamlets,London,4,6659,29.58680417,1586,3,2
E02000871,Bromley-by-Bow East,E09000030,Tower Hamlets,London,5,10732,33.78368505,1135,2,1
E02000872,Brick Lane North,E09000030,Tower Hamlets,London,4,8551,30.51431002,1491,3,2
E02000873,Mile End West,E09000030,Tower Hamlets,London,5,9517,26.84948082,1958,3,2
E02000874,Bethnal Green Central,E09000030,Tower Hamlets,London,4,7265,33.36954522,1187,2,1
E02000875,Bromley-by-Bow West,E09000030,Tower Hamlets,London,5,12355,31.35519628,1404,3,2
E02000876,Bethnal Green South,E09000030,Tower Hamlets,London,4,7680,33.78064609,1136,2,1
E02000877,Mile End East & Burdett Estate,E09000030,Tower Hamlets,London,5,11889,31.26856565,1413,3,2
E02000878,Spitalfields,E09000030,Tower Hamlets,London,5,11343,30.51716821,1490,3,2
E02000879,Stepney Green,E09000030,Tower Hamlets,London,4,8936,30.615297,1480,3,2
E02000880,Whitechapel,E09000030,Tower Hamlets,London,4,6283,30.80582604,1460,3,2
E02000881,Poplar Leaside,E09000030,Tower Hamlets,London,4,8105,39.50274349,745,2,1
E02000882,Limehouse North & Stepney East,E09000030,Tower Hamlets,London,4,10112,35.63656744,995,2,1
E02000883,Poplar Central,E09000030,Tower Hamlets,London,4,9080,40.40641134,694,2,1
E02000884,Aldgate,E09000030,Tower Hamlets,London,5,10968,24.32861698,2325,4,2
E02000885,Shadwell North,E09000030,Tower Hamlets,London,4,7465,36.60490047,923,2,1
E02000886,Limehouse East,E09000030,Tower Hamlets,London,4,8355,25.34613525,2172,4,2
E02000887,Poplar West,E09000030,Tower Hamlets,London,4,10224,32.65090943,1265,2,1
E02000888,Shadwell Basin & Ratcliffe,E09000030,Tower Hamlets,London,5,9575,23.27310841,2474,4,2
E02000889,St George in the East & Wapping North,E09000030,Tower Hamlets,London,4,7870,21.14019898,2824,5,3
E02000890,Tower Hill & Wapping South,E09000030,Tower Hamlets,London,3,6132,9.30465835,5739,9,5
E02000891,Blackwall & Leamouth,E09000030,Tower Hamlets,London,8,15925,19.25768641,3185,5,3
E02000893,Mudchute,E09000030,Tower Hamlets,London,4,7398,20.85948216,2879,5,3
E02000894,Millwall South,E09000030,Tower Hamlets,London,6,11309,13.13253453,4634,7,4
E02000895,Chingford Green West,E09000031,Waltham Forest,London,5,8213,23.4748713,2445,4,2
E02000896,Chingford Green East,E09000031,Waltham Forest,London,5,9177,14.95624986,4131,7,4
E02000897,Friday Hill,E09000031,Waltham Forest,London,5,8507,28.00218843,1794,3,2
E02000898,Larkswood,E09000031,Waltham Forest,London,5,7998,24.39077144,2312,4,2
E02000899,Chingford Mount,E09000031,Waltham Forest,London,5,8470,20.38614203,2970,5,3
E02000900,South Chingford,E09000031,Waltham Forest,London,5,8712,27.38653811,1890,3,2
E02000901,Highams Park East,E09000031,Waltham Forest,London,6,10219,15.18197994,4072,6,3
E02000902,Highams Park West,E09000031,Waltham Forest,London,5,8748,24.62900366,2270,4,2
E02000903,Higham Hill,E09000031,Waltham Forest,London,5,9224,35.59168159,1001,2,1
E02000904,Fulbourne Road & Walthamstow Forest,E09000031,Waltham Forest,London,4,8631,20.25292515,3002,5,3
E02000905,Lloyd Park,E09000031,Waltham Forest,London,5,10063,21.85160201,2696,4,2
E02000906,William Morris,E09000031,Waltham Forest,London,5,9520,24.49563477,2295,4,2
E02000907,Wood Street,E09000031,Waltham Forest,London,6,10969,36.86957261,907,2,1
E02000908,Blackhorse Road,E09000031,Waltham Forest,London,5,11782,22.12619997,2643,4,2
E02000909,Upper Walthamstow,E09000031,Waltham Forest,London,5,9014,20.60535833,2931,5,3
E02000910,Walthamstow Central,E09000031,Waltham Forest,London,6,10708,24.58240699,2280,4,2
E02000911,Walthamstow Market & South Grove,E09000031,Waltham Forest,London,5,11457,29.24512255,1622,3,2
E02000912,Markhouse & St James Park,E09000031,Waltham Forest,London,5,9029,28.83343936,1679,3,2
E02000913,Whipps Cross,E09000031,Waltham Forest,London,5,9231,24.06185982,2356,4,2
E02000914,Baker's Arms,E09000031,Waltham Forest,London,5,11190,35.18019383,1024,2,1
E02000915,Leytonstone North,E09000031,Waltham Forest,London,5,9050,21.75980552,2710,4,2
E02000916,Lea Bridge,E09000031,Waltham Forest,London,5,9587,27.13461875,1920,3,2
E02000917,Leyton North,E09000031,Waltham Forest,London,5,9954,19.80860247,3067,5,3
E02000918,Leytonstone East,E09000031,Waltham Forest,London,5,9570,26.85788474,1957,3,2
E02000919,Leyton East,E09000031,Waltham Forest,London,5,9399,21.24470242,2806,5,3
E02000920,Leyton South,E09000031,Waltham Forest,London,5,10118,27.82377288,1820,3,2
E02000921,Leytonstone South West,E09000031,Waltham Forest,London,6,11315,30.60685002,1481,3,2
E02000922,Leytonstone South East,E09000031,Waltham Forest,London,6,10816,23.84354484,2388,4,2
E02000923,Battersea Park,E09000032,Wandsworth,London,4,7825,12.64306569,4784,8,4
E02000924,Nine Elms & Patmore,E09000032,Wandsworth,London,7,12194,26.94160563,1941,3,2
E02000925,Battersea Latchmere,E09000032,Wandsworth,London,4,7908,26.59996295,1991,3,2
E02000926,St Mary's & Cotton Row,E09000032,Wandsworth,London,6,9997,15.82190337,3926,6,3
E02000927,Lavender Hill East,E09000032,Wandsworth,London,4,7224,22.18776024,2634,4,2
E02000928,Putney Embankment & Lower Common,E09000032,Wandsworth,London,5,8593,9.812317584,5589,9,5
E02000929,York Gardens,E09000032,Wandsworth,London,4,7433,33.28118283,1200,2,1
E02000930,Lavender Hill West & Little India,E09000032,Wandsworth,London,5,10611,14.54632758,4252,7,4
E02000931,Clapham Common West,E09000032,Wandsworth,London,5,9435,7.606388871,6142,10,5
E02000932,Putney Town & Wandsworth Park,E09000032,Wandsworth,London,6,10903,11.19879895,5180,8,4
E02000933,Putney West,E09000032,Wandsworth,London,5,8673,10.54486037,5383,8,4
E02000934,Clapham Junction & East Hill,E09000032,Wandsworth,London,5,9783,12.08771491,4933,8,4
E02000935,Roehampton North West,E09000032,Wandsworth,London,4,7053,28.71294442,1699,3,2
E02000936,East Putney,E09000032,Wandsworth,London,5,8811,12.45230757,4835,8,4
E02000937,Wandsworth Common,E09000032,Wandsworth,London,5,8242,9.173110167,5775,9,5
E02000938,Roehampton North East,E09000032,Wandsworth,London,5,10477,22.71332051,2553,4,2
E02000939,Nightingale Lane,E09000032,Wandsworth,London,5,8219,7.413664436,6185,10,5
E02000940,Wandsworth South,E09000032,Wandsworth,London,4,8405,21.52855134,2760,5,3
E02000941,Earlsfield North,E09000032,Wandsworth,London,6,10199,12.46074674,4832,8,4
E02000942,Southfields North,E09000032,Wandsworth,London,6,9382,8.84261554,5849,9,5
E02000943,Balham,E09000032,Wandsworth,London,5,8858,12.18767205,4906,8,4
E02000944,West Hill North,E09000032,Wandsworth,London,4,7193,25.05396622,2216,4,2
E02000945,Roehampton South & Putney Vale,E09000032,Wandsworth,London,4,8025,27.48183003,1870,3,2
E02000946,Earlsfield South,E09000032,Wandsworth,London,5,8726,18.25819356,3386,5,3
E02000947,Merton Road,E09000032,Wandsworth,London,5,8587,8.234073716,6003,9,5
E02000948,Tooting Bec Common,E09000032,Wandsworth,London,6,9931,13.88965784,4423,7,4
E02000949,Springfield,E09000032,Wandsworth,London,6,9829,11.20838722,5177,8,4
E02000950,West Hill South,E09000032,Wandsworth,London,5,7673,13.0261444,4663,7,4
E02000951,Tooting Bec West,E09000032,Wandsworth,London,4,6690,16.91454155,3651,6,3
E02000952,Tooting Bec East,E09000032,Wandsworth,London,4,6161,19.61165996,3112,5,3
E02000953,Summerstown,E09000032,Wandsworth,London,4,7694,12.05371926,4944,8,4
E02000954,Upper Tooting,E09000032,Wandsworth,London,4,6217,16.68636223,3700,6,3
E02000955,Tooting North,E09000032,Wandsworth,London,4,6497,25.77732477,2113,4,2
E02000956,Tooting West,E09000032,Wandsworth,London,4,8120,22.83344249,2531,4,2
E02000957,Tooting East,E09000032,Wandsworth,London,6,11075,19.2439991,3190,5,3
E02000958,Furzedown West,E09000032,Wandsworth,London,5,8733,15.49050475,3994,6,3
E02000959,Furzedown East,E09000032,Wandsworth,London,4,8101,20.70418862,2911,5,3
E02000960,St John's Wood North,E09000033,Westminster,London,4,7584,9.878800369,5576,9,5
E02000961,Abbey Road,E09000033,Westminster,London,5,10601,16.0467538,3858,6,3
E02000962,St John's Wood South,E09000033,Westminster,London,5,9274,16.4712851,3754,6,3
E02000963,Queen's Park Gardens,E09000033,Westminster,London,5,11029,33.10000508,1219,2,1
E02000964,Maida Hill,E09000033,Westminster,London,6,13643,29.66748193,1576,3,2
E02000965,Maida Vale,E09000033,Westminster,London,5,9064,15.31345929,4041,6,3
E02000966,Little Venice,E09000033,Westminster,London,6,10378,11.88889458,4979,8,4
E02000967,Regent's Park,E09000033,Westminster,London,4,8567,9.325169137,5734,9,5
E02000968,Church Street,E09000033,Westminster,London,8,15457,41.57188322,635,1,1
E02000969,Westbourne,E09000033,Westminster,London,5,10136,38.76028216,799,2,1
E02000970,Marylebone & Park Lane,E09000033,Westminster,London,5,10102,9.603868244,5664,9,5
E02000971,Bryanston & Dorset Square,E09000033,Westminster,London,5,8702,15.57238405,3971,6,3
E02000972,Fitzrovia West & Soho,E09000033,Westminster,London,5,9682,20.04761589,3030,5,3
E02000973,Westbourne Grove,E09000033,Westminster,London,6,10955,17.76054742,3490,6,3
E02000974,Paddington & St George's Fields,E09000033,Westminster,London,6,8468,19.77871457,3073,5,3
E02000975,Bayswater East,E09000033,Westminster,London,5,9533,12.23830347,4893,8,4
E02000976,Queensway,E09000033,Westminster,London,6,10585,17.89070033,3461,6,3
E02000977,"Strand, St James & Mayfair",E09000033,Westminster,London,4,6487,19.28146,3181,5,3
E02000978,"Knightsbridge, Belgravia & Hyde Park",E09000033,Westminster,London,6,10433,8.156269338,6021,9,5
E02000979,Central Westminster,E09000033,Westminster,London,5,9580,20.43121106,2963,5,3
E02000980,Millbank,E09000033,Westminster,London,5,9707,23.26019264,2475,4,2
E02000981,Pimlico North,E09000033,Westminster,London,5,9955,14.60604992,4234,7,4
E02000982,Victoria,E09000033,Westminster,London,6,8818,25.22996847,2188,4,2
E02000983,Pilmlico South,E09000033,Westminster,London,6,9307,21.72847158,2721,5,3
E02006782,Plaistow (Bromley),E09000006,Bromley,London,5,7857,19.54619868,3128,5,3
E02006783,Downham East,E09000023,Lewisham,London,5,7591,35.48995402,1005,2,1
E02006784,Downham West,E09000023,Lewisham,London,5,8073,33.77835662,1137,2,1
E02006785,Wickham Street & East Wickham,E09000004,Bexley,London,4,6667,17.5550933,3526,6,3
E02006786,Wickham Lane & Winns Common,E09000011,Greenwich,London,4,7438,24.86129,2241,4,2
E02006787,Elmers End,E09000006,Bromley,London,5,7927,10.26326605,5468,9,5
E02006788,South Norwood Park,E09000008,Croydon,London,5,7763,30.45134845,1500,3,2
E02006789,Biggin Hill East & Cudham,E09000006,Bromley,London,4,6470,13.73464189,4471,7,4
E02006791,Chiswick North West,E09000009,Ealing,London,4,6762,15.63099763,3960,6,3
E02006792,Chiswick Park,E09000018,Hounslow,London,5,8746,13.17379179,4624,7,4
E02006793,Upper Edmonton West,E09000010,Enfield,London,5,10032,39.73378967,726,2,1
E02006794,White Hart Lane,E09000014,Haringey,London,4,8025,43.50594555,538,1,1
E02006795,Rayners Lane South,E09000015,Harrow,London,5,8137,11.15611454,5198,8,4
E02006796,South Ruislip,E09000017,Hillingdon,London,5,8857,12.92728971,4689,7,4
E02006798,New Cross & Deptford South,E09000023,Lewisham,London,5,7883,35.76367588,981,2,1
E02006799,Becontree North,E09000002,Barking and Dagenham,London,6,10726,34.92821182,1043,2,1
E02006800,Goodmayes South,E09000026,Redbridge,London,7,14245,21.11502022,2833,5,3
E02006801,"Lambeth North, Waterloo & South Bank",E09000022,Lambeth,London,5,9921,20.59552858,2933,5,3
E02006802,Southwark St George's,E09000028,Southwark,London,5,7522,32.09325977,1335,2,1
E02006836,Belmont & South Cheam,E09000029,Sutton,London,5,8435,4.518212211,6687,10,5
E02006853,Millwall North,E09000030,Tower Hamlets,London,5,9582,20.9492344,2862,5,3
E02006854,Canary Wharf,E09000030,Tower Hamlets,London,4,7473,13.93468005,4408,7,4
E02006882,Kenton West,E09000015,Harrow,London,9,14311,12.47848138,4821,8,4
E02006918,Clapton Leaside,E09000012,Hackney,London,5,9111,34.59156349,1073,2,1
E02006921,Upper Clapton,E09000012,Hackney,London,4,8414,35.71100547,987,2,1
E02006924,Valentines Park & Cranbrook,E09000026,Redbridge,London,8,13406,16.08696255,3850,6,3
E02006925,Clayhall South,E09000026,Redbridge,London,8,14088,10.62799283,5366,8,4
E02006927,Kidbrooke South,E09000011,Greenwich,London,5,9450,22.64631418,2566,4,2
E02006928,Greenwich & Deptford Creekside,E09000011,Greenwich,London,4,10126,20.761873,2901,5,3
E02006929,Greenwich Peninsula,E09000011,Greenwich,London,5,8464,27.11500591,1922,3,2
E02006930,Greenwich East,E09000011,Greenwich,London,4,7537,20.58279581,2937,5,3
E02006931,Greenwich Town & Park,E09000011,Greenwich,London,5,9405,19.135968,3218,5,3